-44.72136,-0.00000,0.00000,-0.00000,0.00000,-0.00000,0.00000,0.00000,0.00000,-0.00000,0.00000,-0.00000,0.00000,-134.16408,-0.00000,0.00000,-0.00000,0.00000,-0.00000,0.00000,0.00000,0.00000,-0.00000,0.00000,-0.00000,0.00000,-402.49224,-0.00000,0.00000,-0.00000,0.00000,-0.00000,0.00000,0.00000,0.00000,-0.00000,0.00000,-0.00000,0.00000
-44.72136,-0.00000,0.00000,-0.00000,0.00000,-0.00000,0.00000,0.00000,0.00000,-0.00000,0.00000,-0.00000,0.00000,-89.44272,-0.00000,0.00000,-0.00000,0.00000,-0.00000,0.00000,0.00000,0.00000,-0.00000,0.00000,-0.00000,0.00000,-178.88544,-0.00000,0.00000,-0.00000,0.00000,-0.00000,0.00000,0.00000,0.00000,-0.00000,0.00000,-0.00000,0.00000
-44.72136,-0.00000,0.00000,-0.00000,0.00000,-0.00000,0.00000,0.00000,0.00000,-0.00000,0.00000,-0.00000,0.00000,-89.44272,-0.00000,0.00000,-0.00000,0.00000,-0.00000,0.00000,0.00000,0.00000,-0.00000,0.00000,-0.00000,0.00000,-134.16408,-0.00000,0.00000,-0.00000,0.00000,-0.00000,0.00000,0.00000,0.00000,-0.00000,0.00000,-0.00000,0.00000
-44.72136,-0.00000,0.00000,-0.00000,0.00000,-0.00000,0.00000,0.00000,0.00000,-0.00000,0.00000,-0.00000,0.00000,-89.44272,-0.00000,0.00000,-0.00000,0.00000,-0.00000,0.00000,0.00000,0.00000,-0.00000,0.00000,-0.00000,0.00000,-134.16408,-0.00000,0.00000,-0.00000,0.00000,-0.00000,0.00000,0.00000,0.00000,-0.00000,0.00000,-0.00000,0.00000
-44.72136,-0.00000,0.00000,-0.00000,0.00000,-0.00000,0.00000,0.00000,0.00000,-0.00000,0.00000,-0.00000,0.00000,-89.44272,-0.00000,0.00000,-0.00000,0.00000,-0.00000,0.00000,0.00000,0.00000,-0.00000,0.00000,-0.00000,0.00000,-178.88544,-0.00000,0.00000,-0.00000,0.00000,-0.00000,0.00000,0.00000,0.00000,-0.00000,0.00000,-0.00000,0.00000
-44.36541,-0.04697,-0.34291,0.13707,0.30498,-0.21603,-0.24565,0.27770,0.17030,-0.31774,-0.08553,0.33391,-0.00150,-88.73082,-0.09395,-0.68581,0.27414,0.60995,-0.43205,-0.49131,0.55541,0.34060,-0.63547,-0.17107,0.66783,-0.00300,-177.46163,-0.18789,-1.37162,0.54828,1.21991,-0.86410,-0.98262,1.11082,0.68120,-1.27095,-0.34213,1.33565,-0.00600
-44.72136,-0.00000,0.00000,-0.00000,0.00000,-0.00000,0.00000,0.00000,0.00000,-0.00000,0.00000,-0.00000,0.00000,-89.08677,-0.04697,-0.34291,0.13707,0.30498,-0.21603,-0.24565,0.27770,0.17030,-0.31774,-0.08553,0.33391,-0.00150,-177.46163,-0.18789,-1.37162,0.54828,1.21991,-0.86410,-0.98262,1.11082,0.68120,-1.27095,-0.34213,1.33565,-0.00600
-44.72136,-0.00000,0.00000,-0.00000,0.00000,-0.00000,0.00000,0.00000,0.00000,-0.00000,0.00000,-0.00000,0.00000,-89.44272,-0.00000,0.00000,-0.00000,0.00000,-0.00000,0.00000,0.00000,0.00000,-0.00000,0.00000,-0.00000,0.00000,-178.52949,-0.04697,-0.34291,0.13707,0.30498,-0.21603,-0.24565,0.27770,0.17030,-0.31774,-0.08553,0.33391,-0.00150
-44.69779,0.02317,0.02282,0.02318,0.02324,0.02259,0.02233,0.02260,0.02229,0.02149,0.02133,0.02142,0.02075,-89.75154,0.09331,0.38855,-0.09071,-0.25849,0.26121,0.29031,-0.23250,-0.12572,0.36072,0.12819,-0.29108,0.04300,-180.21498,0.28056,1.46292,-0.45556,-1.12694,0.95447,1.07192,-1.02040,-0.59204,1.35692,0.42745,-1.24998,0.08899
-44.72136,-0.00000,0.00000,-0.00000,0.00000,-0.00000,0.00000,0.00000,0.00000,-0.00000,0.00000,-0.00000,0.00000,-89.41915,0.02317,0.02282,0.02318,0.02324,0.02259,0.02233,0.02260,0.02229,0.02149,0.02133,0.02142,0.02075,-179.50308,0.18662,0.77711,-0.18141,-0.51699,0.52242,0.58061,-0.46500,-0.25145,0.72145,0.25638,-0.58215,0.08599
-44.15675,-0.03155,-0.53607,0.12961,0.51766,-0.21134,-0.49064,0.26199,0.41611,-0.34149,-0.36971,0.37770,0.30052,-88.31349,-0.06310,-1.07215,0.25922,1.03533,-0.42269,-0.98129,0.52398,0.83223,-0.68298,-0.73943,0.75540,0.60104,-176.60342,-0.10303,-2.12147,0.54163,2.09390,-0.82278,-1.94025,1.07057,1.68674,-1.34446,-1.45752,1.53222,1.22283
-44.51617,-0.01035,-0.20384,0.03081,0.19983,-0.05059,-0.19331,0.06925,0.18451,-0.08644,-0.17372,0.10183,0.16131,-88.49129,-0.07541,-0.96657,0.16805,0.89409,-0.33511,-0.89960,0.37790,0.76284,-0.53585,-0.73848,0.55994,0.60240,-175.54453,-0.30723,-3.39385,0.68604,3.08199,-1.35411,-3.07078,1.51227,2.48363,-2.11541,-2.34458,2.16636,1.76285
-44.57809,0.00562,-0.14283,-0.01684,0.14151,0.02795,-0.13932,-0.03889,0.13626,0.04959,-0.13237,-0.05998,0.12766,-88.95098,0.00090,-0.48950,-0.00287,0.48285,0.00531,-0.47194,-0.00853,0.45703,0.01274,-0.43846,-0.01814,0.41663,-176.97410,-0.09678,-1.96840,0.13913,1.83655,-0.34707,-1.86581,0.33824,1.65462,-0.53186,-1.63672,0.50225,1.41491
-44.72136,-0.00000,0.00000,-0.00000,0.00000,-0.00000,0.00000,0.00000,0.00000,-0.00000,0.00000,-0.00000,0.00000,-89.86406,0.03717,0.39324,-0.14645,-0.37615,0.23929,0.35133,-0.30088,-0.27985,0.39108,0.23735,-0.43768,-0.17286,-180.36561,0.13835,1.36913,-0.55500,-1.30478,0.90659,1.21200,-1.13428,-0.93490,1.47788,0.77566,-1.64890,-0.53014
-44.72136,-0.00000,0.00000,-0.00000,0.00000,-0.00000,0.00000,0.00000,0.00000,-0.00000,0.00000,-0.00000,0.00000,-89.64791,0.01035,0.20384,-0.03081,-0.19983,0.05059,0.19331,-0.06925,-0.18451,0.08644,0.17372,-0.10183,-0.16131,-180.66859,0.13328,1.76749,-0.37613,-1.66990,0.67558,1.63755,-0.81728,-1.41171,1.09980,1.32327,-1.20129,-1.09789
-44.72136,-0.00000,0.00000,-0.00000,0.00000,-0.00000,0.00000,0.00000,0.00000,-0.00000,0.00000,-0.00000,0.00000,-89.58599,-0.00562,0.14283,0.01684,-0.14151,-0.02795,0.13932,0.03889,-0.13626,-0.04959,0.13237,0.05998,-0.12766,-179.86891,-0.00180,0.97901,0.00574,-0.96570,-0.01063,0.94389,0.01706,-0.91406,-0.02549,0.87691,0.03627,-0.83326
-40.73445,3.81808,3.35399,2.70654,2.01774,1.41299,0.96608,0.68849,0.54404,0.47842,0.44806,0.43510,0.44397,-81.46890,7.63616,6.70798,5.41309,4.03549,2.82599,1.93215,1.37698,1.08808,0.95684,0.89612,0.87021,0.88794,-162.65973,15.22951,13.16555,10.98947,8.30562,5.38473,3.65229,3.09373,2.31975,1.47300,1.68727,2.23808,1.82108
-36.60442,7.32901,5.28644,2.78719,0.70513,-0.41659,-0.55889,-0.12721,0.34574,0.50003,0.28651,-0.09836,-0.39456,-69.22192,18.47609,13.92687,8.28092,3.42800,0.57981,-0.15171,0.43408,1.23553,1.47848,1.02109,0.23838,-0.34515,-130.26483,44.57799,34.35789,22.00574,11.09131,3.93502,1.43542,2.31439,3.74364,3.82736,2.76458,1.44879,0.35895
-38.64451,5.58861,4.29292,2.62073,1.07564,0.02699,-0.41477,-0.38854,-0.16035,0.03475,0.09992,0.08481,0.10765,-69.17208,18.50623,13.87228,8.02864,2.85641,-0.36262,-1.38843,-0.90428,0.02504,0.56953,0.48636,0.07125,-0.17925,-117.98010,55.49417,41.52859,24.32136,9.28233,-0.11748,-3.06789,-1.41338,1.42187,2.66713,1.86144,0.32090,-0.57600
-44.70005,0.01999,0.01620,0.01041,0.00333,-0.00416,-0.01113,-0.01673,-0.02026,-0.02129,-0.01969,-0.01565,-0.00967,-87.31017,1.81051,0.97133,-0.06500,-0.93544,-1.39432,-1.40311,-1.11050,-0.74492,-0.48625,-0.38751,-0.38159,-0.35566,-162.32352,14.49110,9.10697,2.48556,-3.04995,-5.97725,-6.12681,-4.50225,-2.55287,-1.35981,-1.18478,-1.56213,-1.77852
-44.72136,-0.00000,0.00000,-0.00000,0.00000,-0.00000,0.00000,0.00000,0.00000,-0.00000,0.00000,-0.00000,0.00000,-97.53835,-7.30902,-5.27024,-2.77678,-0.70179,0.41243,0.54776,0.11047,-0.36601,-0.52132,-0.30620,0.08272,0.38488,-213.16495,-31.28361,-23.49602,-13.89947,-5.76702,-1.14926,-0.15588,-1.32363,-2.71246,-3.00738,-2.02100,-0.45454,0.75925
-44.72136,-0.00000,0.00000,-0.00000,0.00000,-0.00000,0.00000,0.00000,0.00000,-0.00000,0.00000,-0.00000,0.00000,-95.51957,-5.58861,-4.29292,-2.62073,-1.07564,-0.02699,0.41477,0.38854,0.16035,-0.03475,-0.09992,-0.08481,-0.10765,-219.40540,-36.99246,-27.72835,-16.04687,-5.70949,0.72109,2.76573,1.79183,-0.07035,-1.16035,-0.99240,-0.15815,0.34884
-44.26375,-0.06180,-0.43996,0.18003,0.38873,-0.28274,-0.30894,0.36150,0.20825,-0.41045,-0.09604,0.42690,-0.01763,-88.54881,-0.14359,-0.89612,0.34964,0.77413,-0.56132,-0.60676,0.73973,0.43676,-0.79961,-0.17240,0.86944,-0.02559,-185.30701,-7.68630,-7.05648,-1.85644,1.40806,0.24469,0.60437,2.97849,1.77879,-1.14772,-0.05722,2.03566,0.19683
-44.24428,-0.03938,-0.46222,0.11341,0.41932,-0.17387,-0.35315,0.21363,0.27096,-0.22818,-0.18149,0.21609,0.09384,-88.03096,-0.14056,-1.36440,0.40685,1.22738,-0.63049,-1.01525,0.78877,0.75017,-0.86680,-0.45902,0.85907,0.17005,-167.07236,6.88431,1.64533,3.94012,3.93068,-2.23473,-3.18502,2.20679,2.30311,-2.01190,-0.78425,2.50487,-0.07037
-43.88219,-0.12353,-0.80041,0.35769,0.68866,-0.55479,-0.51684,0.69535,0.30454,-0.76694,-0.07541,0.76561,-0.14597,-87.28731,-0.28644,-2.06304,0.82880,1.79664,-1.28346,-1.38683,1.60433,0.88004,-1.76205,-0.33232,1.74730,-0.19809,-167.08601,4.87517,-1.19757,4.68518,5.89631,-3.17042,-4.20368,3.60888,2.34990,-4.35615,-1.02374,4.43848,-0.11847
-44.27534,0.20031,0.00494,0.23214,0.23330,-0.14322,-0.19205,0.03152,-0.13185,-0.40668,-0.22519,-0.02795,-0.22784,-88.16913,0.33889,-0.35057,0.64194,0.76653,-0.55850,-0.59199,0.39688,-0.16741,-1.16984,-0.42976,0.28282,-0.58402,-175.07676,0.53493,-1.86807,1.76304,2.55556,-1.83914,-1.96405,1.65836,0.10847,-3.30211,-1.01942,1.44350,-1.34054
-44.20162,-0.07136,-0.49895,0.20763,0.43873,-0.32529,-0.34518,0.41430,0.22764,-0.46781,-0.09752,0.48288,-0.03307,-88.43430,0.09697,-0.53075,0.53399,0.69144,-0.61994,-0.52926,0.64648,0.05248,-1.11412,-0.23875,0.72172,-0.38783,-177.00678,0.67339,-0.04767,1.30306,0.92204,-1.16789,-0.63526,0.90108,-0.81263,-2.53128,-0.44823,0.86718,-1.52973
-44.72136,-0.00000,0.00000,-0.00000,0.00000,-0.00000,0.00000,0.00000,0.00000,-0.00000,0.00000,-0.00000,0.00000,-89.76215,0.05217,0.30146,-0.15006,-0.24993,0.22950,0.17166,-0.28105,-0.07690,0.29912,-0.02211,-0.28273,0.11290,-180.67129,0.48776,2.13521,-0.59494,-1.60506,1.12252,1.20088,-1.51994,-0.98136,1.24617,0.04935,-1.59105,0.03606
-44.72136,-0.00000,0.00000,-0.00000,0.00000,-0.00000,0.00000,0.00000,0.00000,-0.00000,0.00000,-0.00000,0.00000,-89.88874,-0.20031,-0.00494,-0.23214,-0.23330,0.14322,0.19205,-0.03152,0.13185,0.40668,0.22519,0.02795,0.22784,-181.37049,-0.68734,0.64215,-1.25627,-1.48306,1.07445,1.14774,-0.74096,0.35421,2.28231,0.85803,-0.50966,1.15260
-44.72136,-0.00000,0.00000,-0.00000,0.00000,-0.00000,0.00000,0.00000,0.00000,-0.00000,0.00000,-0.00000,0.00000,-89.96246,0.07136,0.49895,-0.20763,-0.43873,0.32529,0.34518,-0.41430,-0.22764,0.46781,0.09752,-0.48288,0.03307,-181.37935,-0.15456,1.52372,-1.18139,-1.80221,1.41375,1.41167,-1.50660,-0.37591,2.45642,0.65899,-1.65952,0.68181
-43.91793,0.79401,0.76627,0.72176,0.66293,0.59296,0.51562,0.43495,0.35503,0.27974,0.21249,0.15605,0.11236,-87.83587,1.58801,1.53255,1.44352,1.32585,1.18593,1.03124,0.86990,0.71006,0.55948,0.42499,0.31210,0.22471,-175.87205,3.19521,3.26259,2.82948,2.46290,2.46765,2.23602,1.60654,1.26937,1.28764,0.96960,0.42406,0.36960
-44.72136,-0.00000,0.00000,-0.00000,0.00000,-0.00000,0.00000,0.00000,0.00000,-0.00000,0.00000,-0.00000,0.00000,-88.63929,0.79401,0.76627,0.72176,0.66293,0.59296,0.51562,0.43495,0.35503,0.27974,0.21249,0.15605,0.11236,-175.22572,3.37634,3.07003,3.11918,2.88500,2.22863,1.87044,1.77131,1.28827,0.71228,0.62478,0.59625,0.22158
-44.72136,-0.00000,0.00000,-0.00000,0.00000,-0.00000,0.00000,0.00000,0.00000,-0.00000,0.00000,-0.00000,0.00000,-89.44272,-0.00000,0.00000,-0.00000,0.00000,-0.00000,0.00000,0.00000,0.00000,-0.00000,0.00000,-0.00000,0.00000,-177.56227,0.72265,0.26732,0.92939,1.10166,0.26767,0.17044,0.84925,0.58267,-0.18807,0.11497,0.63893,0.07929
-44.72136,-0.00000,0.00000,-0.00000,0.00000,-0.00000,0.00000,0.00000,0.00000,-0.00000,0.00000,-0.00000,0.00000,-90.24614,-0.79401,-0.76627,-0.72176,-0.66293,-0.59296,-0.51562,-0.43495,-0.35503,-0.27974,-0.21249,-0.15605,-0.11236,-182.09914,-3.17602,-3.06509,-2.88705,-2.65170,-2.37185,-2.06249,-1.73979,-1.42012,-1.11895,-0.84997,-0.62420,-0.44943
-44.72136,-0.00000,0.00000,-0.00000,0.00000,-0.00000,0.00000,0.00000,0.00000,-0.00000,0.00000,-0.00000,0.00000,-89.44272,-0.00000,0.00000,-0.00000,0.00000,-0.00000,0.00000,0.00000,0.00000,-0.00000,0.00000,-0.00000,0.00000,-180.49229,-1.58801,-1.53255,-1.44352,-1.32585,-1.18593,-1.03124,-0.86990,-0.71006,-0.55948,-0.42499,-0.31210,-0.22471
-44.72136,-0.00000,0.00000,-0.00000,0.00000,-0.00000,0.00000,0.00000,0.00000,-0.00000,0.00000,-0.00000,0.00000,-89.44272,-0.00000,0.00000,-0.00000,0.00000,-0.00000,0.00000,0.00000,0.00000,-0.00000,0.00000,-0.00000,0.00000,-178.88544,-0.00000,0.00000,-0.00000,0.00000,-0.00000,0.00000,0.00000,0.00000,-0.00000,0.00000,-0.00000,0.00000
-44.72136,-0.00000,0.00000,-0.00000,0.00000,-0.00000,0.00000,0.00000,0.00000,-0.00000,0.00000,-0.00000,0.00000,-89.44272,-0.00000,0.00000,-0.00000,0.00000,-0.00000,0.00000,0.00000,0.00000,-0.00000,0.00000,-0.00000,0.00000,-178.08201,0.79401,0.76627,0.72176,0.66293,0.59296,0.51562,0.43495,0.35503,0.27974,0.21249,0.15605,0.11236
-44.72136,-0.00000,0.00000,-0.00000,0.00000,-0.00000,0.00000,0.00000,0.00000,-0.00000,0.00000,-0.00000,0.00000,-89.44272,-0.00000,0.00000,-0.00000,0.00000,-0.00000,0.00000,0.00000,0.00000,-0.00000,0.00000,-0.00000,0.00000,-178.88544,-0.00000,0.00000,-0.00000,0.00000,-0.00000,0.00000,0.00000,0.00000,-0.00000,0.00000,-0.00000,0.00000
-44.72136,-0.00000,0.00000,-0.00000,0.00000,-0.00000,0.00000,0.00000,0.00000,-0.00000,0.00000,-0.00000,0.00000,-89.44272,-0.00000,0.00000,-0.00000,0.00000,-0.00000,0.00000,0.00000,0.00000,-0.00000,0.00000,-0.00000,0.00000,-178.88544,-0.00000,0.00000,-0.00000,0.00000,-0.00000,0.00000,0.00000,0.00000,-0.00000,0.00000,-0.00000,0.00000
-44.72136,-0.00000,0.00000,-0.00000,0.00000,-0.00000,0.00000,0.00000,0.00000,-0.00000,0.00000,-0.00000,0.00000,-89.44272,-0.00000,0.00000,-0.00000,0.00000,-0.00000,0.00000,0.00000,0.00000,-0.00000,0.00000,-0.00000,0.00000,-178.88544,-0.00000,0.00000,-0.00000,0.00000,-0.00000,0.00000,0.00000,0.00000,-0.00000,0.00000,-0.00000,0.00000
-44.72136,-0.00000,0.00000,-0.00000,0.00000,-0.00000,0.00000,0.00000,0.00000,-0.00000,0.00000,-0.00000,0.00000,-89.44272,-0.00000,0.00000,-0.00000,0.00000,-0.00000,0.00000,0.00000,0.00000,-0.00000,0.00000,-0.00000,0.00000,-178.88544,-0.00000,0.00000,-0.00000,0.00000,-0.00000,0.00000,0.00000,0.00000,-0.00000,0.00000,-0.00000,0.00000
-44.72136,-0.00000,0.00000,-0.00000,0.00000,-0.00000,0.00000,0.00000,0.00000,-0.00000,0.00000,-0.00000,0.00000,-89.44272,-0.00000,0.00000,-0.00000,0.00000,-0.00000,0.00000,0.00000,0.00000,-0.00000,0.00000,-0.00000,0.00000,-178.88544,-0.00000,0.00000,-0.00000,0.00000,-0.00000,0.00000,0.00000,0.00000,-0.00000,0.00000,-0.00000,0.00000
-35.54458,-1.18846,0.47189,4.96175,-0.01559,-1.20413,1.36724,-0.08201,-0.99341,0.40600,-0.63737,1.41918,-0.04339,-71.08916,-2.37691,0.94378,9.92350,-0.03118,-2.40825,2.73448,-0.16402,-1.98683,0.81199,-1.27474,2.83836,-0.08678,-142.17832,-4.75383,1.88755,19.84700,-0.06235,-4.81650,5.46896,-0.32803,-3.97366,1.62398,-2.54947,5.67672,-0.17356
-43.16620,0.96650,0.83336,1.19880,0.50897,0.29128,0.58051,0.05827,0.04356,0.37912,0.06667,0.26895,0.54015,-77.15563,0.74455,2.13862,7.35936,1.00235,-0.62157,2.52825,0.03454,-0.90629,1.16423,-0.50404,1.95708,1.03691,-135.95770,-0.88781,5.22101,24.64221,1.97353,-3.65140,7.79098,-0.09495,-3.79941,3.14046,-2.28281,6.75252,1.98704
-44.72136,-0.00000,0.00000,-0.00000,0.00000,-0.00000,0.00000,0.00000,0.00000,-0.00000,0.00000,-0.00000,0.00000,-87.88756,0.96650,0.83336,1.19880,0.50897,0.29128,0.58051,0.05827,0.04356,0.37912,0.06667,0.26895,0.54015,-163.48804,2.67756,3.80534,9.75696,2.02030,-0.03902,3.68927,0.15108,-0.81917,1.92247,-0.37071,2.49498,2.11721
-44.72136,-0.00000,0.00000,-0.00000,0.00000,-0.00000,0.00000,0.00000,0.00000,-0.00000,0.00000,-0.00000,0.00000,-98.61950,1.18846,-0.47189,-4.96175,0.01559,1.20413,-1.36724,0.08201,0.99341,-0.40600,0.63737,-1.41918,0.04339,-214.03740,5.72033,-1.05419,-18.64820,0.57132,5.10778,-4.88845,0.38630,4.01722,-1.24486,2.61614,-5.40778,0.71371
-44.72136,-0.00000,0.00000,-0.00000,0.00000,-0.00000,0.00000,0.00000,0.00000,-0.00000,0.00000,-0.00000,0.00000,-90.99787,-0.96650,-0.83336,-1.19880,-0.50897,-0.29128,-0.58051,-0.05827,-0.04356,-0.37912,-0.06667,-0.26895,-0.54015,-203.45962,-1.48910,-4.27723,-14.71871,-2.00471,1.24314,-5.05651,-0.06907,1.81258,-2.32847,1.00807,-3.91416,-2.07382
-44.72136,-0.00000,0.00000,-0.00000,0.00000,-0.00000,0.00000,0.00000,0.00000,-0.00000,0.00000,-0.00000,0.00000,-89.44272,-0.00000,0.00000,-0.00000,0.00000,-0.00000,0.00000,0.00000,0.00000,-0.00000,0.00000,-0.00000,0.00000,-181.99575,-1.93301,-1.66673,-2.39761,-1.01794,-0.58255,-1.16101,-0.11654,-0.08712,-0.75824,-0.13333,-0.53790,-1.08030
-44.72136,-0.00000,0.00000,-0.00000,0.00000,-0.00000,0.00000,0.00000,0.00000,-0.00000,0.00000,-0.00000,0.00000,-89.44272,-0.00000,0.00000,-0.00000,0.00000,-0.00000,0.00000,0.00000,0.00000,-0.00000,0.00000,-0.00000,0.00000,-169.70866,-1.18846,0.47189,4.96175,-0.01559,-1.20413,1.36724,-0.08201,-0.99341,0.40600,-0.63737,1.41918,-0.04339
-44.72136,-0.00000,0.00000,-0.00000,0.00000,-0.00000,0.00000,0.00000,0.00000,-0.00000,0.00000,-0.00000,0.00000,-89.44272,-0.00000,0.00000,-0.00000,0.00000,-0.00000,0.00000,0.00000,0.00000,-0.00000,0.00000,-0.00000,0.00000,-177.33028,0.96650,0.83336,1.19880,0.50897,0.29128,0.58051,0.05827,0.04356,0.37912,0.06667,0.26895,0.54015
-44.72136,-0.00000,0.00000,-0.00000,0.00000,-0.00000,0.00000,0.00000,0.00000,-0.00000,0.00000,-0.00000,0.00000,-89.44272,-0.00000,0.00000,-0.00000,0.00000,-0.00000,0.00000,0.00000,0.00000,-0.00000,0.00000,-0.00000,0.00000,-178.88544,-0.00000,0.00000,-0.00000,0.00000,-0.00000,0.00000,0.00000,0.00000,-0.00000,0.00000,-0.00000,0.00000
-44.72136,-0.00000,0.00000,-0.00000,0.00000,-0.00000,0.00000,0.00000,0.00000,-0.00000,0.00000,-0.00000,0.00000,-89.44272,-0.00000,0.00000,-0.00000,0.00000,-0.00000,0.00000,0.00000,0.00000,-0.00000,0.00000,-0.00000,0.00000,-178.88544,-0.00000,0.00000,-0.00000,0.00000,-0.00000,0.00000,0.00000,0.00000,-0.00000,0.00000,-0.00000,0.00000
-44.72136,-0.00000,0.00000,-0.00000,0.00000,-0.00000,0.00000,0.00000,0.00000,-0.00000,0.00000,-0.00000,0.00000,-89.44272,-0.00000,0.00000,-0.00000,0.00000,-0.00000,0.00000,0.00000,0.00000,-0.00000,0.00000,-0.00000,0.00000,-178.88544,-0.00000,0.00000,-0.00000,0.00000,-0.00000,0.00000,0.00000,0.00000,-0.00000,0.00000,-0.00000,0.00000
-44.72136,-0.00000,0.00000,-0.00000,0.00000,-0.00000,0.00000,0.00000,0.00000,-0.00000,0.00000,-0.00000,0.00000,-89.44272,-0.00000,0.00000,-0.00000,0.00000,-0.00000,0.00000,0.00000,0.00000,-0.00000,0.00000,-0.00000,0.00000,-178.88544,-0.00000,0.00000,-0.00000,0.00000,-0.00000,0.00000,0.00000,0.00000,-0.00000,0.00000,-0.00000,0.00000
-44.72136,-0.00000,0.00000,-0.00000,0.00000,-0.00000,0.00000,0.00000,0.00000,-0.00000,0.00000,-0.00000,0.00000,-89.44272,-0.00000,0.00000,-0.00000,0.00000,-0.00000,0.00000,0.00000,0.00000,-0.00000,0.00000,-0.00000,0.00000,-178.88544,-0.00000,0.00000,-0.00000,0.00000,-0.00000,0.00000,0.00000,0.00000,-0.00000,0.00000,-0.00000,0.00000
-44.72136,-0.00000,0.00000,-0.00000,0.00000,-0.00000,0.00000,0.00000,0.00000,-0.00000,0.00000,-0.00000,0.00000,-89.44272,-0.00000,0.00000,-0.00000,0.00000,-0.00000,0.00000,0.00000,0.00000,-0.00000,0.00000,-0.00000,0.00000,-178.88544,-0.00000,0.00000,-0.00000,0.00000,-0.00000,0.00000,0.00000,0.00000,-0.00000,0.00000,-0.00000,0.00000
-44.55330,0.13198,0.03923,-0.07036,-0.14975,-0.16483,-0.10915,-0.00660,0.09879,0.16175,0.15527,0.08212,-0.02629,-89.10659,0.26397,0.07847,-0.14072,-0.29949,-0.32967,-0.21830,-0.01320,0.19757,0.32351,0.31054,0.16424,-0.05258,-178.21318,0.52793,0.15694,-0.28145,-0.59898,-0.65934,-0.43660,-0.02639,0.39514,0.64702,0.62108,0.32848,-0.10516
-44.72136,-0.00000,0.00000,-0.00000,0.00000,-0.00000,0.00000,0.00000,0.00000,-0.00000,0.00000,-0.00000,0.00000,-89.27466,0.13198,0.03923,-0.07036,-0.14975,-0.16483,-0.10915,-0.00660,0.09879,0.16175,0.15527,0.08212,-0.02629,-178.21318,0.52793,0.15694,-0.28145,-0.59898,-0.65934,-0.43660,-0.02639,0.39514,0.64702,0.62108,0.32848,-0.10516
-44.72136,-0.00000,0.00000,-0.00000,0.00000,-0.00000,0.00000,0.00000,0.00000,-0.00000,0.00000,-0.00000,0.00000,-89.44272,-0.00000,0.00000,-0.00000,0.00000,-0.00000,0.00000,0.00000,0.00000,-0.00000,0.00000,-0.00000,0.00000,-178.71737,0.13198,0.03923,-0.07036,-0.14975,-0.16483,-0.10915,-0.00660,0.09879,0.16175,0.15527,0.08212,-0.02629
-44.72136,-0.00000,0.00000,-0.00000,0.00000,-0.00000,0.00000,0.00000,0.00000,-0.00000,0.00000,-0.00000,0.00000,-89.61078,-0.13198,-0.03923,0.07036,0.14975,0.16483,0.10915,0.00660,-0.09879,-0.16175,-0.15527,-0.08212,0.02629,-179.55769,-0.52793,-0.15694,0.28145,0.59898,0.65934,0.43660,0.02639,-0.39514,-0.64702,-0.62108,-0.32848,0.10516
-44.72136,-0.00000,0.00000,-0.00000,0.00000,-0.00000,0.00000,0.00000,0.00000,-0.00000,0.00000,-0.00000,0.00000,-89.44272,-0.00000,0.00000,-0.00000,0.00000,-0.00000,0.00000,0.00000,0.00000,-0.00000,0.00000,-0.00000,0.00000,-179.22157,-0.26397,-0.07847,0.14072,0.29949,0.32967,0.21830,0.01320,-0.19757,-0.32351,-0.31054,-0.16424,0.05258
-44.72136,-0.00000,0.00000,-0.00000,0.00000,-0.00000,0.00000,0.00000,0.00000,-0.00000,0.00000,-0.00000,0.00000,-89.44272,-0.00000,0.00000,-0.00000,0.00000,-0.00000,0.00000,0.00000,0.00000,-0.00000,0.00000,-0.00000,0.00000,-178.88544,-0.00000,0.00000,-0.00000,0.00000,-0.00000,0.00000,0.00000,0.00000,-0.00000,0.00000,-0.00000,0.00000
-44.72136,-0.00000,0.00000,-0.00000,0.00000,-0.00000,0.00000,0.00000,0.00000,-0.00000,0.00000,-0.00000,0.00000,-89.44272,-0.00000,0.00000,-0.00000,0.00000,-0.00000,0.00000,0.00000,0.00000,-0.00000,0.00000,-0.00000,0.00000,-178.71737,0.13198,0.03923,-0.07036,-0.14975,-0.16483,-0.10915,-0.00660,0.09879,0.16175,0.15527,0.08212,-0.02629
-44.72136,-0.00000,0.00000,-0.00000,0.00000,-0.00000,0.00000,0.00000,0.00000,-0.00000,0.00000,-0.00000,0.00000,-89.44272,-0.00000,0.00000,-0.00000,0.00000,-0.00000,0.00000,0.00000,0.00000,-0.00000,0.00000,-0.00000,0.00000,-178.88544,-0.00000,0.00000,-0.00000,0.00000,-0.00000,0.00000,0.00000,0.00000,-0.00000,0.00000,-0.00000,0.00000
-44.72136,-0.00000,0.00000,-0.00000,0.00000,-0.00000,0.00000,0.00000,0.00000,-0.00000,0.00000,-0.00000,0.00000,-89.44272,-0.00000,0.00000,-0.00000,0.00000,-0.00000,0.00000,0.00000,0.00000,-0.00000,0.00000,-0.00000,0.00000,-178.88544,-0.00000,0.00000,-0.00000,0.00000,-0.00000,0.00000,0.00000,0.00000,-0.00000,0.00000,-0.00000,0.00000
-44.72136,-0.00000,0.00000,-0.00000,0.00000,-0.00000,0.00000,0.00000,0.00000,-0.00000,0.00000,-0.00000,0.00000,-89.44272,-0.00000,0.00000,-0.00000,0.00000,-0.00000,0.00000,0.00000,0.00000,-0.00000,0.00000,-0.00000,0.00000,-178.88544,-0.00000,0.00000,-0.00000,0.00000,-0.00000,0.00000,0.00000,0.00000,-0.00000,0.00000,-0.00000,0.00000
-44.72136,-0.00000,0.00000,-0.00000,0.00000,-0.00000,0.00000,0.00000,0.00000,-0.00000,0.00000,-0.00000,0.00000,-89.44272,-0.00000,0.00000,-0.00000,0.00000,-0.00000,0.00000,0.00000,0.00000,-0.00000,0.00000,-0.00000,0.00000,-178.88544,-0.00000,0.00000,-0.00000,0.00000,-0.00000,0.00000,0.00000,0.00000,-0.00000,0.00000,-0.00000,0.00000
-44.72136,-0.00000,0.00000,-0.00000,0.00000,-0.00000,0.00000,0.00000,0.00000,-0.00000,0.00000,-0.00000,0.00000,-89.44272,-0.00000,0.00000,-0.00000,0.00000,-0.00000,0.00000,0.00000,0.00000,-0.00000,0.00000,-0.00000,0.00000,-178.88544,-0.00000,0.00000,-0.00000,0.00000,-0.00000,0.00000,0.00000,0.00000,-0.00000,0.00000,-0.00000,0.00000
-44.72136,-0.00000,0.00000,-0.00000,0.00000,-0.00000,0.00000,0.00000,0.00000,-0.00000,0.00000,-0.00000,0.00000,-89.44272,-0.00000,0.00000,-0.00000,0.00000,-0.00000,0.00000,0.00000,0.00000,-0.00000,0.00000,-0.00000,0.00000,-178.88544,-0.00000,0.00000,-0.00000,0.00000,-0.00000,0.00000,0.00000,0.00000,-0.00000,0.00000,-0.00000,0.00000
-44.72136,-0.00000,0.00000,-0.00000,0.00000,-0.00000,0.00000,0.00000,0.00000,-0.00000,0.00000,-0.00000,0.00000,-89.44272,-0.00000,0.00000,-0.00000,0.00000,-0.00000,0.00000,0.00000,0.00000,-0.00000,0.00000,-0.00000,0.00000,-178.88544,-0.00000,0.00000,-0.00000,0.00000,-0.00000,0.00000,0.00000,0.00000,-0.00000,0.00000,-0.00000,0.00000
-44.72136,-0.00000,0.00000,-0.00000,0.00000,-0.00000,0.00000,0.00000,0.00000,-0.00000,0.00000,-0.00000,0.00000,-89.44272,-0.00000,0.00000,-0.00000,0.00000,-0.00000,0.00000,0.00000,0.00000,-0.00000,0.00000,-0.00000,0.00000,-178.88544,-0.00000,0.00000,-0.00000,0.00000,-0.00000,0.00000,0.00000,0.00000,-0.00000,0.00000,-0.00000,0.00000
-44.72136,-0.00000,0.00000,-0.00000,0.00000,-0.00000,0.00000,0.00000,0.00000,-0.00000,0.00000,-0.00000,0.00000,-89.44272,-0.00000,0.00000,-0.00000,0.00000,-0.00000,0.00000,0.00000,0.00000,-0.00000,0.00000,-0.00000,0.00000,-178.88544,-0.00000,0.00000,-0.00000,0.00000,-0.00000,0.00000,0.00000,0.00000,-0.00000,0.00000,-0.00000,0.00000
-44.68068,0.03694,0.02642,0.01104,-0.00636,-0.02260,-0.03468,-0.04040,-0.03869,-0.02987,-0.01557,0.00160,0.01847,-89.36136,0.07388,0.05284,0.02208,-0.01273,-0.04520,-0.06937,-0.08079,-0.07737,-0.05974,-0.03113,0.00319,0.03694,-178.72273,0.14777,0.10567,0.04417,-0.02545,-0.09040,-0.13874,-0.16159,-0.15475,-0.11948,-0.06227,0.00639,0.07387
-44.72136,-0.00000,0.00000,-0.00000,0.00000,-0.00000,0.00000,0.00000,0.00000,-0.00000,0.00000,-0.00000,0.00000,-89.40204,0.03694,0.02642,0.01104,-0.00636,-0.02260,-0.03468,-0.04040,-0.03869,-0.02987,-0.01557,0.00160,0.01847,-178.72273,0.14777,0.10567,0.04417,-0.02545,-0.09040,-0.13874,-0.16159,-0.15475,-0.11948,-0.06227,0.00639,0.07387
-44.02042,0.69427,0.67443,0.64201,0.59795,0.54354,0.48033,0.41013,0.33491,0.25676,0.17779,0.10010,0.02567,-88.04083,1.38853,1.34885,1.28401,1.19590,1.08707,0.96066,0.82025,0.66982,0.51351,0.35558,0.20020,0.05134,-176.04098,2.81401,2.72413,2.57907,2.38544,2.15154,1.88663,1.60011,1.30095,0.99715,0.69559,0.40199,0.12115
-44.72136,-0.00000,0.00000,-0.00000,0.00000,-0.00000,0.00000,0.00000,0.00000,-0.00000,0.00000,-0.00000,0.00000,-88.78245,0.65732,0.64801,0.63096,0.60431,0.56614,0.51501,0.45052,0.37360,0.28663,0.19336,0.09850,0.00720,-176.24437,2.62930,2.59203,2.52386,2.41726,2.26454,2.06005,1.80209,1.49439,1.14651,0.77343,0.39400,0.02881
-44.72136,-0.00000,0.00000,-0.00000,0.00000,-0.00000,0.00000,0.00000,0.00000,-0.00000,0.00000,-0.00000,0.00000,-89.44272,-0.00000,0.00000,-0.00000,0.00000,-0.00000,0.00000,0.00000,0.00000,-0.00000,0.00000,-0.00000,0.00000,-178.26585,0.62038,0.62159,0.61992,0.61068,0.58874,0.54970,0.49092,0.41228,0.31650,0.20892,0.09690,-0.01127
-44.72136,-0.00000,0.00000,-0.00000,0.00000,-0.00000,0.00000,0.00000,0.00000,-0.00000,0.00000,-0.00000,0.00000,-90.14366,-0.69427,-0.67443,-0.64201,-0.59795,-0.54354,-0.48033,-0.41013,-0.33491,-0.25676,-0.17779,-0.10010,-0.02567,-181.68922,-2.77706,-2.69771,-2.56803,-2.39180,-2.17414,-1.92131,-1.64051,-1.33964,-1.02703,-0.71116,-0.40039,-0.10268
-44.72136,-0.00000,0.00000,-0.00000,0.00000,-0.00000,0.00000,0.00000,0.00000,-0.00000,0.00000,-0.00000,0.00000,-89.44272,-0.00000,0.00000,-0.00000,0.00000,-0.00000,0.00000,0.00000,0.00000,-0.00000,0.00000,-0.00000,0.00000,-180.24665,-1.35159,-1.32244,-1.27297,-1.20226,-1.10967,-0.99534,-0.86065,-0.70851,-0.54338,-0.37115,-0.19860,-0.03287
-44.72136,-0.00000,0.00000,-0.00000,0.00000,-0.00000,0.00000,0.00000,0.00000,-0.00000,0.00000,-0.00000,0.00000,-89.44272,-0.00000,0.00000,-0.00000,0.00000,-0.00000,0.00000,0.00000,0.00000,-0.00000,0.00000,-0.00000,0.00000,-178.88544,-0.00000,0.00000,-0.00000,0.00000,-0.00000,0.00000,0.00000,0.00000,-0.00000,0.00000,-0.00000,0.00000
-44.72136,-0.00000,0.00000,-0.00000,0.00000,-0.00000,0.00000,0.00000,0.00000,-0.00000,0.00000,-0.00000,0.00000,-89.44272,-0.00000,0.00000,-0.00000,0.00000,-0.00000,0.00000,0.00000,0.00000,-0.00000,0.00000,-0.00000,0.00000,-178.18449,0.69427,0.67443,0.64201,0.59795,0.54354,0.48033,0.41013,0.33491,0.25676,0.17779,0.10010,0.02567
-44.72136,-0.00000,0.00000,-0.00000,0.00000,-0.00000,0.00000,0.00000,0.00000,-0.00000,0.00000,-0.00000,0.00000,-89.44272,-0.00000,0.00000,-0.00000,0.00000,-0.00000,0.00000,0.00000,0.00000,-0.00000,0.00000,-0.00000,0.00000,-178.88544,-0.00000,0.00000,-0.00000,0.00000,-0.00000,0.00000,0.00000,0.00000,-0.00000,0.00000,-0.00000,0.00000
-44.72136,-0.00000,0.00000,-0.00000,0.00000,-0.00000,0.00000,0.00000,0.00000,-0.00000,0.00000,-0.00000,0.00000,-89.44272,-0.00000,0.00000,-0.00000,0.00000,-0.00000,0.00000,0.00000,0.00000,-0.00000,0.00000,-0.00000,0.00000,-178.88544,-0.00000,0.00000,-0.00000,0.00000,-0.00000,0.00000,0.00000,0.00000,-0.00000,0.00000,-0.00000,0.00000
-44.72136,-0.00000,0.00000,-0.00000,0.00000,-0.00000,0.00000,0.00000,0.00000,-0.00000,0.00000,-0.00000,0.00000,-89.44272,-0.00000,0.00000,-0.00000,0.00000,-0.00000,0.00000,0.00000,0.00000,-0.00000,0.00000,-0.00000,0.00000,-178.88544,-0.00000,0.00000,-0.00000,0.00000,-0.00000,0.00000,0.00000,0.00000,-0.00000,0.00000,-0.00000,0.00000
-44.72136,-0.00000,0.00000,-0.00000,0.00000,-0.00000,0.00000,0.00000,0.00000,-0.00000,0.00000,-0.00000,0.00000,-89.44272,-0.00000,0.00000,-0.00000,0.00000,-0.00000,0.00000,0.00000,0.00000,-0.00000,0.00000,-0.00000,0.00000,-178.88544,-0.00000,0.00000,-0.00000,0.00000,-0.00000,0.00000,0.00000,0.00000,-0.00000,0.00000,-0.00000,0.00000
-44.72136,-0.00000,0.00000,-0.00000,0.00000,-0.00000,0.00000,0.00000,0.00000,-0.00000,0.00000,-0.00000,0.00000,-89.44272,-0.00000,0.00000,-0.00000,0.00000,-0.00000,0.00000,0.00000,0.00000,-0.00000,0.00000,-0.00000,0.00000,-178.88544,-0.00000,0.00000,-0.00000,0.00000,-0.00000,0.00000,0.00000,0.00000,-0.00000,0.00000,-0.00000,0.00000
-44.72136,-0.00000,0.00000,-0.00000,0.00000,-0.00000,0.00000,0.00000,0.00000,-0.00000,0.00000,-0.00000,0.00000,-89.44272,-0.00000,0.00000,-0.00000,0.00000,-0.00000,0.00000,0.00000,0.00000,-0.00000,0.00000,-0.00000,0.00000,-178.88544,-0.00000,0.00000,-0.00000,0.00000,-0.00000,0.00000,0.00000,0.00000,-0.00000,0.00000,-0.00000,0.00000
-44.72136,-0.00000,0.00000,-0.00000,0.00000,-0.00000,0.00000,0.00000,0.00000,-0.00000,0.00000,-0.00000,0.00000,-89.44272,-0.00000,0.00000,-0.00000,0.00000,-0.00000,0.00000,0.00000,0.00000,-0.00000,0.00000,-0.00000,0.00000,-178.88544,-0.00000,0.00000,-0.00000,0.00000,-0.00000,0.00000,0.00000,0.00000,-0.00000,0.00000,-0.00000,0.00000
-44.72136,-0.00000,0.00000,-0.00000,0.00000,-0.00000,0.00000,0.00000,0.00000,-0.00000,0.00000,-0.00000,0.00000,-89.44272,-0.00000,0.00000,-0.00000,0.00000,-0.00000,0.00000,0.00000,0.00000,-0.00000,0.00000,-0.00000,0.00000,-178.88544,-0.00000,0.00000,-0.00000,0.00000,-0.00000,0.00000,0.00000,0.00000,-0.00000,0.00000,-0.00000,0.00000
-44.72136,-0.00000,0.00000,-0.00000,0.00000,-0.00000,0.00000,0.00000,0.00000,-0.00000,0.00000,-0.00000,0.00000,-89.44272,-0.00000,0.00000,-0.00000,0.00000,-0.00000,0.00000,0.00000,0.00000,-0.00000,0.00000,-0.00000,0.00000,-178.88544,-0.00000,0.00000,-0.00000,0.00000,-0.00000,0.00000,0.00000,0.00000,-0.00000,0.00000,-0.00000,0.00000
-44.72136,-0.00000,0.00000,-0.00000,0.00000,-0.00000,0.00000,0.00000,0.00000,-0.00000,0.00000,-0.00000,0.00000,-89.44272,-0.00000,0.00000,-0.00000,0.00000,-0.00000,0.00000,0.00000,0.00000,-0.00000,0.00000,-0.00000,0.00000,-178.88544,-0.00000,0.00000,-0.00000,0.00000,-0.00000,0.00000,0.00000,0.00000,-0.00000,0.00000,-0.00000,0.00000
-44.72136,-0.00000,0.00000,-0.00000,0.00000,-0.00000,0.00000,0.00000,0.00000,-0.00000,0.00000,-0.00000,0.00000,-89.44272,-0.00000,0.00000,-0.00000,0.00000,-0.00000,0.00000,0.00000,0.00000,-0.00000,0.00000,-0.00000,0.00000,-178.88544,-0.00000,0.00000,-0.00000,0.00000,-0.00000,0.00000,0.00000,0.00000,-0.00000,0.00000,-0.00000,0.00000
-44.72136,-0.00000,0.00000,-0.00000,0.00000,-0.00000,0.00000,0.00000,0.00000,-0.00000,0.00000,-0.00000,0.00000,-89.44272,-0.00000,0.00000,-0.00000,0.00000,-0.00000,0.00000,0.00000,0.00000,-0.00000,0.00000,-0.00000,0.00000,-178.88544,-0.00000,0.00000,-0.00000,0.00000,-0.00000,0.00000,0.00000,0.00000,-0.00000,0.00000,-0.00000,0.00000
-44.72136,-0.00000,0.00000,-0.00000,0.00000,-0.00000,0.00000,0.00000,0.00000,-0.00000,0.00000,-0.00000,0.00000,-89.44272,-0.00000,0.00000,-0.00000,0.00000,-0.00000,0.00000,0.00000,0.00000,-0.00000,0.00000,-0.00000,0.00000,-178.88544,-0.00000,0.00000,-0.00000,0.00000,-0.00000,0.00000,0.00000,0.00000,-0.00000,0.00000,-0.00000,0.00000
-44.72136,-0.00000,0.00000,-0.00000,0.00000,-0.00000,0.00000,0.00000,0.00000,-0.00000,0.00000,-0.00000,0.00000,-89.44272,-0.00000,0.00000,-0.00000,0.00000,-0.00000,0.00000,0.00000,0.00000,-0.00000,0.00000,-0.00000,0.00000,-178.88544,-0.00000,0.00000,-0.00000,0.00000,-0.00000,0.00000,0.00000,0.00000,-0.00000,0.00000,-0.00000,0.00000
-44.72136,-0.00000,0.00000,-0.00000,0.00000,-0.00000,0.00000,0.00000,0.00000,-0.00000,0.00000,-0.00000,0.00000,-89.44272,-0.00000,0.00000,-0.00000,0.00000,-0.00000,0.00000,0.00000,0.00000,-0.00000,0.00000,-0.00000,0.00000,-178.88544,-0.00000,0.00000,-0.00000,0.00000,-0.00000,0.00000,0.00000,0.00000,-0.00000,0.00000,-0.00000,0.00000
-44.72136,-0.00000,0.00000,-0.00000,0.00000,-0.00000,0.00000,0.00000,0.00000,-0.00000,0.00000,-0.00000,0.00000,-89.44272,-0.00000,0.00000,-0.00000,0.00000,-0.00000,0.00000,0.00000,0.00000,-0.00000,0.00000,-0.00000,0.00000,-178.88544,-0.00000,0.00000,-0.00000,0.00000,-0.00000,0.00000,0.00000,0.00000,-0.00000,0.00000,-0.00000,0.00000
-44.72136,-0.00000,0.00000,-0.00000,0.00000,-0.00000,0.00000,0.00000,0.00000,-0.00000,0.00000,-0.00000,0.00000,-89.44272,-0.00000,0.00000,-0.00000,0.00000,-0.00000,0.00000,0.00000,0.00000,-0.00000,0.00000,-0.00000,0.00000,-178.88544,-0.00000,0.00000,-0.00000,0.00000,-0.00000,0.00000,0.00000,0.00000,-0.00000,0.00000,-0.00000,0.00000
-44.72136,-0.00000,0.00000,-0.00000,0.00000,-0.00000,0.00000,0.00000,0.00000,-0.00000,0.00000,-0.00000,0.00000,-89.44272,-0.00000,0.00000,-0.00000,0.00000,-0.00000,0.00000,0.00000,0.00000,-0.00000,0.00000,-0.00000,0.00000,-178.88544,-0.00000,0.00000,-0.00000,0.00000,-0.00000,0.00000,0.00000,0.00000,-0.00000,0.00000,-0.00000,0.00000
-44.72136,-0.00000,0.00000,-0.00000,0.00000,-0.00000,0.00000,0.00000,0.00000,-0.00000,0.00000,-0.00000,0.00000,-89.44272,-0.00000,0.00000,-0.00000,0.00000,-0.00000,0.00000,0.00000,0.00000,-0.00000,0.00000,-0.00000,0.00000,-178.88544,-0.00000,0.00000,-0.00000,0.00000,-0.00000,0.00000,0.00000,0.00000,-0.00000,0.00000,-0.00000,0.00000
-44.72136,-0.00000,0.00000,-0.00000,0.00000,-0.00000,0.00000,0.00000,0.00000,-0.00000,0.00000,-0.00000,0.00000,-89.44272,-0.00000,0.00000,-0.00000,0.00000,-0.00000,0.00000,0.00000,0.00000,-0.00000,0.00000,-0.00000,0.00000,-178.88544,-0.00000,0.00000,-0.00000,0.00000,-0.00000,0.00000,0.00000,0.00000,-0.00000,0.00000,-0.00000,0.00000
-44.72136,-0.00000,0.00000,-0.00000,0.00000,-0.00000,0.00000,0.00000,0.00000,-0.00000,0.00000,-0.00000,0.00000,-89.44272,-0.00000,0.00000,-0.00000,0.00000,-0.00000,0.00000,0.00000,0.00000,-0.00000,0.00000,-0.00000,0.00000,-178.88544,-0.00000,0.00000,-0.00000,0.00000,-0.00000,0.00000,0.00000,0.00000,-0.00000,0.00000,-0.00000,0.00000
-44.72136,-0.00000,0.00000,-0.00000,0.00000,-0.00000,0.00000,0.00000,0.00000,-0.00000,0.00000,-0.00000,0.00000,-89.44272,-0.00000,0.00000,-0.00000,0.00000,-0.00000,0.00000,0.00000,0.00000,-0.00000,0.00000,-0.00000,0.00000,-178.88544,-0.00000,0.00000,-0.00000,0.00000,-0.00000,0.00000,0.00000,0.00000,-0.00000,0.00000,-0.00000,0.00000
-44.72136,-0.00000,0.00000,-0.00000,0.00000,-0.00000,0.00000,0.00000,0.00000,-0.00000,0.00000,-0.00000,0.00000,-89.44272,-0.00000,0.00000,-0.00000,0.00000,-0.00000,0.00000,0.00000,0.00000,-0.00000,0.00000,-0.00000,0.00000,-178.88544,-0.00000,0.00000,-0.00000,0.00000,-0.00000,0.00000,0.00000,0.00000,-0.00000,0.00000,-0.00000,0.00000
-44.72136,-0.00000,0.00000,-0.00000,0.00000,-0.00000,0.00000,0.00000,0.00000,-0.00000,0.00000,-0.00000,0.00000,-89.44272,-0.00000,0.00000,-0.00000,0.00000,-0.00000,0.00000,0.00000,0.00000,-0.00000,0.00000,-0.00000,0.00000,-178.88544,-0.00000,0.00000,-0.00000,0.00000,-0.00000,0.00000,0.00000,0.00000,-0.00000,0.00000,-0.00000,0.00000
-44.13558,0.58510,0.58305,0.57965,0.57492,0.56889,0.56160,0.55309,0.54341,0.53261,0.52077,0.50795,0.49422,-88.27115,1.17020,1.16610,1.15931,1.14985,1.13779,1.12320,1.10617,1.08681,1.06523,1.04154,1.01590,0.98844,-176.54230,2.34040,2.33221,2.31861,2.29969,2.27558,2.24640,2.21235,2.17362,2.13045,2.08309,2.03180,1.97688
-44.52642,0.19478,0.19433,0.19358,0.19254,0.19119,0.18955,0.18762,0.18539,0.18289,0.18010,0.17703,0.17369,-88.46707,0.97467,0.97172,0.96682,0.95999,0.95127,0.94070,0.92832,0.91419,0.89839,0.88097,0.86201,0.84160,-175.76256,3.11954,3.10954,3.09295,3.06984,3.04033,3.00460,2.96281,2.91520,2.86200,2.80348,2.73992,2.67163
-44.27344,0.44672,0.44312,0.43718,0.42895,0.41854,0.40605,0.39163,0.37544,0.35767,0.33851,0.31817,0.29687,-88.35194,1.08822,1.08058,1.06794,1.05044,1.02826,1.00164,0.97088,0.93628,0.89823,0.85712,0.81337,0.76744,-175.72823,3.15112,3.13289,3.10271,3.06087,3.00779,2.94399,2.87007,2.78676,2.69484,2.59520,2.48875,2.37647
-44.49061,0.22182,0.19608,0.15658,0.10797,0.05597,0.00665,-0.03427,-0.06211,-0.07380,-0.06824,-0.04640,-0.01121,-89.11908,0.30526,0.25224,0.17069,0.06997,-0.03843,-0.14226,-0.22999,-0.29217,-0.32254,-0.31874,-0.28258,-0.21976,-178.31896,0.52853,0.41895,0.25001,0.04053,-0.18638,-0.40608,-0.59529,-0.73488,-0.81207,-0.82190,-0.76768,-0.66052
-44.41711,0.30401,0.30331,0.30214,0.30050,0.29840,0.29584,0.29282,0.28935,0.28544,0.28109,0.27630,0.27108,-88.79842,0.63505,0.60836,0.56727,0.51643,0.46157,0.40877,0.36376,0.33121,0.31420,0.31384,0.32917,0.35727,-178.24885,0.60069,0.49724,0.33840,0.14284,-0.06655,-0.26541,-0.43080,-0.54395,-0.59253,-0.57203,-0.48625,-0.34681
-44.64675,0.07455,0.07438,0.07409,0.07369,0.07318,0.07255,0.07181,0.07096,0.07000,0.06893,0.06776,0.06648,-89.43717,0.00640,0.00894,0.01314,0.01893,0.02622,0.03489,0.04481,0.05583,0.06777,0.08044,0.09364,0.10717,-179.32083,-0.44038,-0.45434,-0.47439,-0.49615,-0.51425,-0.52309,-0.51749,-0.49342,-0.44850,-0.38240,-0.29691,-0.19583
-44.37719,0.34161,0.33423,0.32284,0.30872,0.29341,0.27854,0.26563,0.25592,0.25016,0.24860,0.25089,0.25616,-88.91052,0.53595,0.54675,0.56320,0.58317,0.60403,0.62298,0.63734,0.64490,0.64412,0.63437,0.61594,0.59001,-178.13914,0.77305,0.85021,0.96886,1.11530,1.27271,1.42311,1.54949,1.63780,1.67855,1.66792,1.60810,1.50695
-44.58469,0.13657,0.13625,0.13572,0.13499,0.13404,0.13289,0.13154,0.12998,0.12822,0.12627,0.12412,0.12177,-89.12946,0.31073,0.30342,0.29215,0.27820,0.26310,0.24849,0.23589,0.22652,0.22117,0.22005,0.22283,0.22863,-178.37102,0.52236,0.54523,0.58024,0.62314,0.66866,0.71119,0.74536,0.76674,0.77227,0.76064,0.73243,0.68999
-44.69647,0.02487,0.02481,0.02472,0.02458,0.02441,0.02420,0.02395,0.02367,0.02335,0.02299,0.02260,0.02218,-89.33088,0.11175,0.11149,0.11106,0.11046,0.10969,0.10875,0.10764,0.10636,0.10492,0.10332,0.10156,0.09965,-178.35405,0.52783,0.51746,0.50113,0.48019,0.45626,0.43109,0.40635,0.38342,0.36325,0.34626,0.33231,0.32075
-44.64351,0.07779,0.07761,0.07731,0.07689,0.07635,0.07570,0.07493,0.07404,0.07304,0.07192,0.07070,0.06937,-89.60630,-0.16116,-0.15419,-0.14351,-0.13036,-0.11629,-0.10294,-0.09182,-0.08417,-0.08074,-0.08176,-0.08689,-0.09526,-179.63295,-0.74652,-0.74365,-0.73915,-0.73342,-0.72693,-0.72012,-0.71335,-0.70687,-0.70067,-0.69457,-0.68817,-0.68088
-44.30415,0.41680,0.41559,0.41361,0.41091,0.40755,0.40360,0.39911,0.39414,0.38872,0.38287,0.37659,0.36986,-88.66712,0.77483,0.77255,0.76882,0.76373,0.75742,0.75000,0.74160,0.73233,0.72225,0.71140,0.69977,0.68731,-177.81108,1.07777,1.08748,1.10197,1.11890,1.13544,1.14857,1.15549,1.15397,1.14260,1.12100,1.08982,1.05074
-44.30328,0.41027,0.38770,0.35289,0.30969,0.26285,0.21739,0.17807,0.14876,0.13204,0.12888,0.13854,0.15873,-88.21423,1.21247,1.16617,1.09467,1.00572,0.90884,0.81418,0.73129,0.66798,0.62944,0.61763,0.63108,0.66515,-175.76470,3.08802,2.99341,2.84710,2.66471,2.46541,2.26962,2.09654,1.96193,1.87622,1.84334,1.86037,1.91797
-37.25691,5.82788,2.05526,-1.37455,-2.60425,-1.67791,-0.13373,0.53032,0.04580,-0.73600,-0.89814,-0.31912,0.39910,-74.17359,11.98823,4.42062,-2.47351,-4.97570,-3.16933,-0.12577,1.16379,0.16633,-1.41300,-1.73934,-0.57040,0.88757,-146.95512,25.35008,10.16160,-3.70885,-8.81531,-5.31352,0.66557,3.15069,1.08480,-2.11583,-2.77928,-0.42282,2.53555
-44.19771,0.48431,0.38278,0.26160,0.17127,0.14897,0.20281,0.30857,0.42000,0.48853,0.48379,0.40636,0.28729,-81.34818,6.37969,2.40524,-1.26497,-2.67262,-1.78753,-0.13170,0.74836,0.49167,-0.14766,-0.31344,0.11700,0.60383,-148.20283,23.97278,8.45855,-5.77226,-11.08467,-7.50181,-1.13918,1.91890,0.41733,-2.43058,-3.07762,-1.03617,1.40791
-44.24735,0.46568,0.44169,0.40490,0.35971,0.31147,0.26586,0.22816,0.20262,0.19191,0.19683,0.21616,0.24685,-88.38913,1.00541,0.87847,0.71852,0.58100,0.50906,0.51714,0.58682,0.67648,0.74032,0.74857,0.70013,0.62226,-169.91220,7.17803,2.99600,-0.92260,-2.51634,-1.67825,0.08840,1.19072,1.17665,0.70354,0.56608,0.88617,1.18319
-44.42397,0.29716,0.29648,0.29533,0.29373,0.29168,0.28918,0.28623,0.28284,0.27901,0.27476,0.27008,0.26498,-95.83837,-4.76786,-1.02062,2.37012,3.55143,2.57274,0.97795,0.27029,0.72249,1.48594,1.64449,1.07543,0.37771,-205.89227,-20.51855,-5.58339,7.93227,12.65955,8.82388,2.59881,-0.03638,1.95514,5.12520,5.77688,3.42138,0.49011
-43.61919,0.18856,0.68941,0.66085,0.00070,0.83122,-0.09659,0.32117,0.37718,-0.25446,0.61998,-0.15320,0.25729,-87.46463,0.18998,1.29252,1.35543,0.12387,1.80515,-0.10681,0.62000,0.61720,-0.71843,1.03092,-0.44268,0.49227,-189.41946,-10.76760,-0.84082,6.34594,6.47179,7.97057,0.89602,0.76193,1.46523,0.19675,4.01976,0.07306,0.75843
-44.25097,0.46105,0.43407,0.39248,0.34089,0.28500,0.23089,0.18431,0.15003,0.13127,0.12932,0.14345,0.17099,-87.87378,0.64497,1.11587,1.04089,0.32277,1.08974,0.09932,0.46163,0.47463,-0.18383,0.68178,-0.08246,0.35242,-174.82307,0.47452,2.64578,2.71870,0.18841,3.47556,-0.42532,0.95643,0.88998,-1.82641,1.64591,-1.30774,0.57486
-44.58094,0.13872,0.13376,0.12587,0.11564,0.10379,0.09115,0.07863,0.06708,0.05730,0.04992,0.04540,0.04397,-88.98888,0.44133,0.40511,0.34889,0.27843,0.20089,0.12401,0.05534,0.00136,-0.03315,-0.04559,-0.03582,-0.00605,-170.01318,6.29550,2.94670,-0.63144,-2.67179,-1.08123,-0.63060,0.30201,-0.24514,-1.73606,-1.05389,-1.22954,-0.03739
-44.55284,0.16839,0.16800,0.16735,0.16645,0.16528,0.16387,0.16220,0.16027,0.15811,0.15569,0.15304,0.15016,-90.06742,0.28695,-0.21965,-0.20026,0.44783,-0.39686,0.51548,0.08185,0.01045,0.62797,-0.25866,0.50469,0.08699,-181.65910,0.82525,-1.32671,-1.40707,1.05023,-2.39798,1.26178,-0.40096,-0.59495,1.94122,-1.59383,1.41625,-0.32435
-44.38373,0.33596,0.33101,0.32295,0.31205,0.29868,0.28328,0.26637,0.24849,0.23024,0.21217,0.19486,0.17882,-89.06933,0.37926,0.39595,0.42078,0.44966,0.47764,0.49954,0.51062,0.50723,0.48731,0.45072,0.39932,0.33680,-180.33230,0.40050,-0.54361,-0.39960,1.02438,-0.53131,1.41523,0.64145,0.55027,1.78642,-0.03900,1.38580,0.40816
-44.72136,-0.00000,0.00000,-0.00000,0.00000,-0.00000,0.00000,0.00000,0.00000,-0.00000,0.00000,-0.00000,0.00000,-89.24551,0.19724,0.19725,0.19708,0.19641,0.19489,0.19213,0.18774,0.18141,0.17294,0.16225,0.14946,0.13485,-178.57147,0.33240,0.38536,0.46604,0.56404,0.66653,0.75978,0.83075,0.86869,0.86633,0.82082,0.73406,0.61255
-44.62630,0.09444,0.09262,0.08961,0.08545,0.08020,0.07393,0.06674,0.05871,0.04995,0.04060,0.03077,0.02060,-89.42113,0.02049,0.01724,0.01186,0.00445,-0.00488,-0.01600,-0.02872,-0.04286,-0.05820,-0.07450,-0.09150,-0.10895,-178.02035,-0.04872,0.45138,0.42106,-0.24252,0.58198,-0.35535,0.04844,0.08524,-0.57143,0.27192,-0.53824,-0.17004
-44.35964,0.36137,0.36032,0.35858,0.35615,0.35305,0.34929,0.34490,0.33989,0.33429,0.32812,0.32140,0.31418,-88.96185,0.48123,0.48225,0.48382,0.48570,0.48763,0.48925,0.49017,0.49000,0.48829,0.48466,0.47871,0.47014,-178.27550,0.60369,0.58579,0.55871,0.52619,0.49273,0.46296,0.44101,0.42990,0.43107,0.44409,0.46660,0.49453
-44.69313,0.02804,0.02745,0.02649,0.02515,0.02347,0.02147,0.01916,0.01659,0.01379,0.01080,0.00766,0.00442,-89.02454,0.41744,0.41522,0.41155,0.40646,0.40000,0.39223,0.38323,0.37308,0.36188,0.34972,0.33673,0.32301,-177.76541,1.11888,1.11544,1.10984,1.10221,1.09273,1.08158,1.06889,1.05474,1.03910,1.02185,1.00271,0.98132
-43.49820,1.09998,0.75735,0.26989,-0.25711,-0.71158,-0.99983,-1.06716,-0.90921,-0.57148,-0.13760,0.29102,0.61889,-87.06322,2.13354,1.44952,0.47665,-0.57452,-1.47989,-2.05213,-2.18190,-1.86052,-1.17913,-0.30499,0.55894,1.22159,-173.72985,4.66403,3.29703,1.35300,-0.74703,-2.55489,-3.69603,-3.95185,-3.30511,-1.93818,-0.18577,1.54611,2.87513
-44.61323,0.09380,0.05463,0.00111,-0.05248,-0.09191,-0.10682,-0.09348,-0.05568,-0.00369,0.04863,0.08754,0.10304,-88.36501,0.92620,0.50628,-0.08648,-0.71823,-1.24845,-1.56277,-1.59902,-1.36046,-0.91315,-0.36845,0.14470,0.51079,-174.83140,3.50471,1.97983,-0.18012,-2.49667,-4.46441,-5.66691,-5.87011,-5.07145,-3.49373,-1.52655,0.36962,1.77304
-44.50352,0.19053,0.11548,0.01160,-0.09499,-0.17751,-0.21527,-0.19894,-0.13281,-0.03369,0.07333,0.16129,0.20816,-88.92714,0.44682,0.25814,-0.00219,-0.26762,-0.47040,-0.55883,-0.51052,-0.33789,-0.08487,0.18448,0.40245,0.51494,-177.19476,1.40240,0.60734,-0.50240,-1.65993,-2.58924,-3.07267,-3.00329,-2.40932,-1.44477,-0.34922,0.61287,1.21766
-44.71885,0.00219,0.00131,0.00010,-0.00114,-0.00208,-0.00250,-0.00228,-0.00147,-0.00029,0.00096,0.00197,0.00248,-90.44303,-0.90507,-0.63924,-0.25809,0.15984,0.52990,0.77956,0.86367,0.77345,0.53720,0.21284,-0.12580,-0.40578,-182.74998,-3.49687,-2.46986,-0.99503,0.62658,2.06930,3.05241,3.39872,3.06954,2.16866,0.91516,-0.40809,-1.51820
-44.69560,0.02526,0.02380,0.02142,0.01821,0.01431,0.00986,0.00502,0.00000,-0.00502,-0.00986,-0.01431,-0.01821,-89.49683,-0.04109,-0.00572,0.04182,0.08777,0.11844,0.12404,0.10125,0.05421,-0.00665,-0.06739,-0.11419,-0.13699,-181.07168,-1.91344,-1.15697,-0.08797,1.05361,2.01524,2.59040,2.66519,2.24234,1.43705,0.44652,-0.49887,-1.19056
-44.65524,0.06005,0.04294,0.01795,-0.01034,-0.03673,-0.05638,-0.06566,-0.06288,-0.04855,-0.02530,0.00260,0.03002,-89.50256,-0.04517,-0.00581,0.04571,0.09252,0.11835,0.11238,0.07264,0.00704,-0.06844,-0.13379,-0.17040,-0.16633,-179.57481,-0.57825,-0.27548,0.13544,0.54043,0.82554,0.90762,0.75706,0.40617,-0.05866,-0.51944,-0.85745,-0.98460
-44.72136,-0.00000,0.00000,-0.00000,0.00000,-0.00000,0.00000,0.00000,0.00000,-0.00000,0.00000,-0.00000,0.00000,-89.37911,0.05786,0.04163,0.01785,-0.00921,-0.03465,-0.05388,-0.06338,-0.06141,-0.04826,-0.02626,0.00063,0.02754,-177.81774,0.97562,0.71670,0.33951,-0.08573,-0.48086,-0.77493,-0.91780,-0.88924,-0.70216,-0.39916,-0.04335,0.29453
-44.69228,0.02799,0.02479,0.01974,0.01320,0.00567,-0.00228,-0.01006,-0.01709,-0.02284,-0.02687,-0.02888,-0.02872,-89.41032,0.03071,0.02579,0.01806,0.00819,-0.00296,-0.01442,-0.02515,-0.03418,-0.04065,-0.04388,-0.04345,-0.03923,-178.70291,0.16037,0.09894,0.01215,-0.08059,-0.15902,-0.20675,-0.21494,-0.18399,-0.12290,-0.04663,0.02792,0.08607
-34.24912,7.08459,1.12184,-1.13594,0.09319,0.53896,-0.44281,-0.11445,1.62932,1.94316,0.26381,-0.74884,0.21830,-68.53529,14.13712,2.22553,-2.27009,0.20993,1.12034,-0.83152,-0.17330,3.30442,3.91205,0.52606,-1.52914,0.37786,-136.97833,28.35014,4.48266,-4.56783,0.33552,2.11936,-1.78984,-0.44440,6.56762,7.85188,1.14203,-2.93133,0.88282
-38.82926,4.54184,1.89622,0.16880,-0.33792,-0.58712,-0.71082,-0.22834,0.50469,0.70274,0.49344,0.50881,0.61486,-67.18628,16.16828,4.91428,-0.79833,-0.58264,-0.63529,-1.86445,-0.57113,2.63870,3.34864,1.25069,0.26878,1.44801,-113.52874,46.41583,12.01246,-3.88460,-0.94615,-0.11559,-4.50654,-1.25218,8.64323,10.65758,3.05370,-0.99222,3.24634
-40.62362,2.12973,-1.12840,-1.73342,0.07589,1.29460,1.02291,0.69496,0.73924,0.23881,-0.61869,-0.57166,0.35211,-75.38422,8.77331,-0.38537,-3.31778,-0.19934,1.99640,1.33728,1.17165,2.00027,1.20319,-0.71707,-0.60563,1.34780,-128.54440,33.68418,4.11774,-7.45196,-0.98951,3.36048,0.82454,1.79732,6.67342,5.79567,-0.13957,-0.89903,4.18283
-31.36957,10.02266,3.63594,0.08428,0.29480,0.97183,0.55506,0.51559,1.39470,1.46671,-0.01301,-1.31216,-1.09226,-69.11364,15.09046,5.02165,-0.42893,0.57230,2.69929,2.57583,1.84060,1.89932,1.22907,-0.90851,-2.44714,-2.05070,-145.07621,24.81711,7.43238,-1.90556,0.73534,6.27464,7.32047,5.02614,2.49448,-0.25072,-3.06015,-3.97076,-3.13147
-44.67486,0.04233,0.03057,0.01335,-0.00622,-0.02463,-0.03854,-0.04548,-0.04423,-0.03504,-0.01961,-0.00077,0.01806,-81.89003,5.56548,1.80087,-0.05782,0.62027,1.50970,1.18879,0.65297,0.80155,0.69390,-0.54567,-1.82251,-1.67098,-165.70741,10.05315,3.70911,0.25375,2.39547,6.35398,6.81787,3.71767,0.86371,-0.73177,-3.25055,-6.36093,-6.84068
-44.70980,0.01133,0.01068,0.00961,0.00817,0.00642,0.00442,0.00225,0.00000,-0.00225,-0.00442,-0.00642,-0.00817,-93.47085,-2.06473,1.18033,1.76599,-0.06577,-1.30639,-1.05261,-0.73594,-0.78347,-0.27836,0.59023,0.55805,-0.35039,-193.44750,-7.33728,4.54690,6.79194,0.68806,-3.09947,-2.25371,-1.99055,-2.76566,-1.06600,1.35185,-0.10079,-3.71955
-41.76583,0.09537,2.04605,0.28832,0.18983,0.20480,-1.04942,-0.16071,-1.11993,-0.15717,-0.65283,0.49728,-0.29494,-96.87188,-9.82060,0.46684,0.50197,0.09303,-0.55581,-2.64947,-0.83475,-3.63456,-1.78331,-1.29708,2.30030,0.49420,-218.10097,-36.79638,-2.90765,3.19887,-0.45201,-5.11730,-8.92739,-4.24604,-9.95191,-5.07405,-1.09541,7.60578,2.68871
-39.89441,-1.78739,-0.16205,0.68194,0.32687,-0.45424,-0.25024,-0.11499,0.38165,0.98903,-1.71129,0.95106,-0.40594,-76.87979,-3.52174,1.69137,1.63885,0.84979,-0.67905,-1.51135,-0.34521,-0.31241,1.85592,-4.05579,2.40018,-1.12490,-168.74143,-22.42956,2.04871,3.83749,1.17234,-3.42361,-6.86097,-2.17813,-5.06094,1.23462,-8.86298,8.92315,-0.08461
-38.11619,-2.23851,-1.83018,2.23350,0.58505,0.95732,-1.69938,-0.18407,2.81305,-0.59197,-1.93462,1.89157,-0.24160,-71.41698,-6.27574,-3.83309,5.13933,1.48881,1.45398,-3.65342,-0.48538,6.00774,-0.19266,-5.57609,4.74062,-0.88097,-126.24290,-14.00850,-7.15514,10.15151,3.89317,3.53530,-7.76558,-0.58003,12.48653,1.74896,-15.79821,11.32337,-2.53646
-39.54340,-1.20551,-1.76484,1.86304,0.31023,-0.61466,-1.65708,-0.31267,1.38304,-1.25196,-1.13034,1.44980,-0.23659,-75.43717,-4.74489,-7.40592,5.67126,1.01569,-0.47679,-3.96411,-0.64871,6.69906,-2.93871,-3.54246,4.29390,-0.41985,-125.41943,-5.94493,-19.11177,15.97988,3.42715,1.05621,-8.93217,-0.94804,23.04042,-4.28677,-11.36393,11.02812,-2.21486
-43.66341,0.13225,-0.61417,0.22161,0.61877,-0.25919,-0.80881,-0.09301,0.42132,-0.40154,-0.67440,0.35357,0.50669,-86.97581,0.84638,-2.83113,1.62431,1.22090,-0.67880,-3.02445,-0.38371,1.84403,-3.04407,-0.76785,1.20588,1.18272,-172.50901,0.46961,-14.75955,7.28104,2.60771,-1.15533,-8.50165,-1.07092,10.69953,-10.88277,-1.02237,4.30549,3.07050
-44.72136,-0.00000,0.00000,-0.00000,0.00000,-0.00000,0.00000,0.00000,0.00000,-0.00000,0.00000,-0.00000,0.00000,-94.98994,2.37076,1.21601,-2.01189,0.03372,-1.21651,0.89057,0.09105,-2.39173,0.19043,1.26021,-1.53800,0.74829,-205.53872,11.86364,3.43399,-7.53880,-0.20047,-4.56579,2.41012,0.28378,-8.94717,-2.47055,7.32867,-6.61074,3.56027
-35.23812,3.34189,1.19878,2.76308,0.35275,0.92073,0.44682,2.00223,1.53784,-0.83883,0.42011,0.46571,0.77223,-75.65420,7.88929,4.16240,3.66311,0.39526,2.45612,2.55071,4.31714,1.69263,-0.42570,1.97056,-0.51839,1.78105,-170.86117,22.89423,16.94673,-0.35693,-0.19144,4.17253,9.95610,9.37404,-5.70552,2.27773,8.74379,-6.86868,4.73024
-40.07336,2.33769,1.08337,2.66518,1.99682,0.43535,0.66698,1.37185,0.50762,0.06024,0.58024,-0.14764,0.13102,-71.72143,7.88503,3.97969,7.87182,3.72762,2.05062,2.58959,4.83896,2.13175,-0.31681,2.25500,-0.18315,0.52758,-132.12123,22.81296,14.95291,17.78244,6.62961,7.23616,10.75433,14.37876,4.11211,1.98475,7.24842,-2.09057,1.65348
-42.91209,1.68019,1.54462,1.52501,1.33644,1.06389,0.98887,0.90625,0.67188,0.56812,0.56788,0.39670,0.22603,-81.17618,5.69806,4.17261,5.71519,4.66970,2.56313,2.64472,3.18435,1.85139,1.19649,1.71601,0.64575,0.58308,-139.08385,16.91039,11.10889,21.31410,13.03330,8.39339,6.98845,11.11661,8.22625,1.88575,4.42682,2.64636,0.94546
-44.30236,0.41110,0.38798,0.35130,0.30369,0.24852,0.18962,0.13098,0.07642,0.02928,-0.00779,-0.03307,-0.04587,-96.27869,-0.83950,1.12180,-0.53547,1.59107,0.64020,0.92130,-0.83402,-0.71312,1.46552,0.13220,-0.13515,-0.63794,-198.07937,-3.87023,2.25381,0.98115,7.45658,1.38741,1.93661,-2.80082,-1.26748,4.55324,0.00985,0.89385,-2.47385
-44.72136,-0.00000,0.00000,-0.00000,0.00000,-0.00000,0.00000,0.00000,0.00000,-0.00000,0.00000,-0.00000,0.00000,-93.67172,-1.92659,-0.69539,-2.31388,-1.69313,-0.18683,-0.47736,-1.24087,-0.43120,-0.03096,-0.58803,0.11457,-0.17689,-211.90071,-12.57771,-4.24867,-13.03504,-5.52281,-1.78407,-2.62301,-8.15472,-3.70727,1.72042,-3.29886,0.27714,-1.51930
-37.15747,7.24242,6.33797,5.01423,3.49544,2.01055,0.74212,-0.20522,-0.81028,-1.11765,-1.20723,-1.16359,-1.05527,-76.12421,12.80465,11.13132,8.50344,5.65445,2.95721,0.49537,-1.31670,-2.29244,-2.80343,-2.98235,-2.72387,-2.33658,-164.74397,17.98464,17.39464,8.97782,4.94607,3.16447,-2.13134,-7.05862,-6.86747,-6.83430,-8.26875,-5.97893,-5.43314
-41.95464,2.73959,2.65973,2.53164,2.36234,2.16085,1.93736,1.70250,1.46645,1.23823,1.02517,0.83247,0.66311,-76.76440,12.31049,11.26946,9.72620,7.91644,6.08372,4.42722,3.06880,2.04620,1.32953,0.85088,0.53442,0.31683,-133.37433,38.26512,32.54843,28.49131,19.89624,14.48445,8.42851,5.65492,2.51307,-1.60990,-1.41279,-1.51989,-1.06499
-44.72136,-0.00000,0.00000,-0.00000,0.00000,-0.00000,0.00000,0.00000,0.00000,-0.00000,0.00000,-0.00000,0.00000,-86.67600,2.73959,2.65973,2.53164,2.36234,2.16085,1.93736,1.70250,1.46645,1.23823,1.02517,0.83247,0.66311,-156.44469,19.71625,17.28431,17.10336,14.33425,10.59224,8.77931,7.71467,5.41029,3.83695,3.48925,2.08478,1.81994
-44.72136,-0.00000,0.00000,-0.00000,0.00000,-0.00000,0.00000,0.00000,0.00000,-0.00000,0.00000,-0.00000,0.00000,-97.00660,-7.24242,-6.33797,-5.01423,-3.49544,-2.01055,-0.74212,0.20522,0.81028,1.11765,1.20723,1.16359,1.05527,-204.56500,-24.54990,-21.14753,-16.00026,-10.28299,-4.81747,-0.04224,3.42965,5.37945,6.27696,6.42199,5.88351,5.11024
-44.72136,-0.00000,0.00000,-0.00000,0.00000,-0.00000,0.00000,0.00000,0.00000,-0.00000,0.00000,-0.00000,0.00000,-92.20943,-2.73959,-2.65973,-2.53164,-2.36234,-2.16085,-1.93736,-1.70250,-1.46645,-1.23823,-1.02517,-0.83247,-0.66311,-204.66107,-25.03207,-22.92689,-19.80370,-16.13656,-12.41596,-9.04406,-6.26858,-4.16881,-2.68834,-1.69398,-1.03576,-0.58778
-44.69903,0.02095,0.01698,0.01091,0.00349,-0.00436,-0.01166,-0.01753,-0.02123,-0.02231,-0.02063,-0.01639,-0.01014,-89.39807,0.04189,0.03395,0.02182,0.00698,-0.00871,-0.02333,-0.03506,-0.04246,-0.04462,-0.04125,-0.03279,-0.02027,-184.32957,-5.39539,-5.25156,-5.01964,-4.71072,-4.33911,-3.92139,-3.47513,-3.01782,-2.56569,-2.13283,-1.73051,-1.36677
-43.62503,1.04288,0.88918,0.65413,0.36620,0.05928,-0.23205,-0.47726,-0.65379,-0.74958,-0.76395,-0.70663,-0.59536,-87.22774,2.10671,1.79533,1.31917,0.73588,0.11420,-0.47577,-0.97205,-1.32880,-1.52147,-1.54852,-1.42965,-1.20085,-166.84695,11.49772,9.96258,7.67438,4.97420,2.23024,-0.23274,-2.18439,-3.51035,-4.20520,-4.34552,-4.05567,-3.47724
-43.64683,0.95779,0.63361,0.17417,-0.31869,-0.73661,-0.98921,-1.02411,-0.83809,-0.47690,-0.02386,0.41976,0.75793,-86.19733,2.95846,2.15639,1.00246,-0.27117,-1.41394,-2.21047,-2.52547,-2.32997,-1.70339,-0.81167,0.13289,0.92050,-167.41296,10.76321,8.76784,5.85573,2.55588,-0.55284,-2.95934,-4.32049,-4.52230,-3.69001,-2.14668,-0.33140,1.30326
-44.72136,-0.00000,0.00000,-0.00000,0.00000,-0.00000,0.00000,0.00000,0.00000,-0.00000,0.00000,-0.00000,0.00000,-88.39051,0.93684,0.61663,0.16326,-0.32218,-0.73225,-0.97754,-1.00657,-0.81686,-0.45460,-0.00323,0.43615,0.76806,-173.58028,4.79026,3.35570,1.30716,-0.92251,-2.86974,-4.14223,-4.50355,-3.92123,-2.56796,-0.77688,1.03799,2.47690
-44.72136,-0.00000,0.00000,-0.00000,0.00000,-0.00000,0.00000,0.00000,0.00000,-0.00000,0.00000,-0.00000,0.00000,-90.53904,-1.04288,-0.88918,-0.65413,-0.36620,-0.05928,0.23205,0.47726,0.65379,0.74958,0.76395,0.70663,0.59536,-182.24085,-3.25562,-2.95705,-2.46417,-1.79045,-0.96501,-0.03768,0.92000,1.81951,2.56603,3.07318,3.27906,3.15963
-44.72136,-0.00000,0.00000,-0.00000,0.00000,-0.00000,0.00000,0.00000,0.00000,-0.00000,0.00000,-0.00000,0.00000,-90.51725,-0.95779,-0.63361,-0.17417,0.31869,0.73661,0.98921,1.02411,0.83809,0.47690,0.02386,-0.41976,-0.75793,-185.37622,-5.91692,-4.31278,-2.00493,0.54235,2.82788,4.42094,5.05094,4.65995,3.40677,1.62333,-0.26579,-1.84100
-44.72136,-0.00000,0.00000,-0.00000,0.00000,-0.00000,0.00000,0.00000,0.00000,-0.00000,0.00000,-0.00000,0.00000,-89.44272,-0.00000,0.00000,-0.00000,0.00000,-0.00000,0.00000,0.00000,0.00000,-0.00000,0.00000,-0.00000,0.00000,-181.01218,-1.89463,-1.25024,-0.33743,0.64086,1.46886,1.96675,2.03068,1.65495,0.93150,0.02709,-0.85591,-1.52599
-44.72136,-0.00000,0.00000,-0.00000,0.00000,-0.00000,0.00000,0.00000,0.00000,-0.00000,0.00000,-0.00000,0.00000,-89.44272,-0.00000,0.00000,-0.00000,0.00000,-0.00000,0.00000,0.00000,0.00000,-0.00000,0.00000,-0.00000,0.00000,-177.78911,1.04288,0.88918,0.65413,0.36620,0.05928,-0.23205,-0.47726,-0.65379,-0.74958,-0.76395,-0.70663,-0.59536
-44.72136,-0.00000,0.00000,-0.00000,0.00000,-0.00000,0.00000,0.00000,0.00000,-0.00000,0.00000,-0.00000,0.00000,-89.44272,-0.00000,0.00000,-0.00000,0.00000,-0.00000,0.00000,0.00000,0.00000,-0.00000,0.00000,-0.00000,0.00000,-177.81090,0.95779,0.63361,0.17417,-0.31869,-0.73661,-0.98921,-1.02411,-0.83809,-0.47690,-0.02386,0.41976,0.75793
-44.72136,-0.00000,0.00000,-0.00000,0.00000,-0.00000,0.00000,0.00000,0.00000,-0.00000,0.00000,-0.00000,0.00000,-89.44272,-0.00000,0.00000,-0.00000,0.00000,-0.00000,0.00000,0.00000,0.00000,-0.00000,0.00000,-0.00000,0.00000,-178.88544,-0.00000,0.00000,-0.00000,0.00000,-0.00000,0.00000,0.00000,0.00000,-0.00000,0.00000,-0.00000,0.00000
-44.53445,0.17245,0.13140,0.07032,-0.00102,-0.07133,-0.12959,-0.16688,-0.17776,-0.16115,-0.12034,-0.06244,0.00296,-89.06890,0.34491,0.26279,0.14065,-0.00204,-0.14266,-0.25918,-0.33375,-0.35553,-0.32229,-0.24068,-0.12487,0.00592,-178.13779,0.68981,0.52559,0.28130,-0.00408,-0.28531,-0.51836,-0.66751,-0.71105,-0.64459,-0.48137,-0.24975,0.01183
-44.72136,-0.00000,0.00000,-0.00000,0.00000,-0.00000,0.00000,0.00000,0.00000,-0.00000,0.00000,-0.00000,0.00000,-89.25581,0.17245,0.13140,0.07032,-0.00102,-0.07133,-0.12959,-0.16688,-0.17776,-0.16115,-0.12034,-0.06244,0.00296,-178.13779,0.68981,0.52559,0.28130,-0.00408,-0.28531,-0.51836,-0.66751,-0.71105,-0.64459,-0.48137,-0.24975,0.01183
-41.34604,-0.72719,0.67347,0.13771,-1.29188,-0.29804,-0.20903,-1.02674,0.81878,-0.79316,-0.50607,1.60449,-0.60161,-82.69207,-1.45438,1.34694,0.27543,-2.58377,-0.59608,-0.41806,-2.05348,1.63756,-1.58633,-1.01214,3.20897,-1.20321,-165.19723,-2.73632,2.82527,0.62118,-5.16855,-1.26349,-0.96571,-4.27385,3.09735,-3.33380,-2.14462,6.35551,-2.40346
-31.78287,-3.56153,1.82878,-0.60279,-3.22506,-1.59242,-1.77263,-0.30256,1.19027,-0.01190,-0.37977,2.23021,0.89844,-60.37732,-8.02271,4.19964,-1.13819,-7.74099,-3.41156,-3.62471,-1.46499,3.37708,-0.65582,-1.14526,6.12735,1.19232,-114.37781,-17.84470,9.48342,-2.14160,-18.06371,-7.27654,-7.40830,-4.64970,8.74724,-2.57566,-3.06198,15.58854,1.17551
-22.50567,-0.24059,-0.39163,-1.04594,-4.56314,-1.20145,-2.22141,-1.63092,0.82846,-0.35678,-1.17959,1.63824,-0.06906,-32.07284,-4.04271,1.04552,-2.69466,-12.35134,-3.99532,-6.21545,-3.56441,2.84718,-0.72547,-2.73895,5.50670,0.76031,-35.26718,-16.28058,6.15928,-6.59783,-32.44266,-11.33087,-15.92602,-8.42693,9.24920,-1.94561,-6.50281,17.20318,2.70999
-24.60561,-1.23896,-2.50834,-1.52855,-3.15079,-1.27684,-1.74181,0.14033,-0.09130,-1.19280,-0.97122,2.50258,0.89767,-30.37086,-1.99132,-6.08179,-4.24074,-9.57283,-3.45708,-5.49601,-0.32352,-0.17292,-1.94923,-2.61597,5.03892,2.32788,-10.12248,-6.57096,-12.46499,-11.45158,-28.91324,-10.31340,-16.78940,-2.15796,0.86378,-3.03760,-6.95874,12.37556,6.61929
-29.78512,-0.72632,-4.06590,-0.34754,-3.81638,0.13237,-0.40430,-0.37189,1.89410,-1.09727,-0.06786,2.25739,0.18655,-52.39299,0.86993,-12.46892,-1.62084,-7.55848,0.58033,-0.77779,-0.30089,2.50664,-3.37545,-0.72717,4.78716,0.37234,-74.77952,7.77125,-35.21927,-6.34424,-16.94879,1.11513,-3.42687,0.53969,1.46328,-8.04431,-2.92504,8.48588,1.88024
-34.68202,1.44254,-2.39787,-0.44777,-4.11192,-0.89802,-0.16936,-0.43140,2.28079,-1.27631,-0.94567,1.95995,1.02976,-76.64350,2.39935,-8.47001,-0.19716,-7.47707,-0.46223,1.47839,0.39624,5.62723,-3.29310,-0.77961,4.53906,2.31514,-173.60715,9.71134,-30.45446,0.67951,-10.16127,3.65118,8.39443,4.05601,10.91392,-9.23618,0.45256,8.35858,4.24231
-40.99681,0.99438,-0.43408,-0.96914,-2.61844,-0.06221,0.64234,-0.09655,0.77379,-0.59090,-0.23694,0.71117,0.00544,-92.07003,4.67027,-0.75769,-0.85750,-6.19801,0.25439,2.85713,-0.76483,3.91968,-1.26530,-0.44834,0.87972,0.14297,-230.41270,13.73121,-3.90360,2.32859,-10.30026,3.50362,12.68866,-0.80990,13.63951,-3.87448,0.93969,1.25958,0.27319
-42.25995,1.51949,-0.48025,-1.86105,-1.66288,-0.38721,0.71394,0.90090,0.43651,-0.00088,-0.11485,-0.10919,-0.19820,-95.73160,4.75968,2.67131,-4.34368,-2.12783,-0.96900,2.47453,2.07714,-0.24728,0.50462,-0.39879,-1.76460,-0.57751,-231.14023,13.31970,17.05385,-7.92403,-2.89519,-2.26395,8.58397,3.69034,0.91847,3.11939,-0.51875,-7.43664,-1.38440
-44.72136,-0.00000,0.00000,-0.00000,0.00000,-0.00000,0.00000,0.00000,0.00000,-0.00000,0.00000,-0.00000,0.00000,-97.02065,0.07695,1.91762,-1.41327,2.44903,0.51081,0.88330,1.33230,-1.84428,1.27543,0.83082,-2.06915,-1.22796,-213.12940,2.51422,14.97656,-6.97307,10.24731,0.51485,2.76274,4.34550,-9.56307,6.34859,2.04245,-10.44195,-5.34858
-43.59755,1.00306,0.68699,0.29225,-0.04872,-0.24759,-0.29539,-0.25652,-0.22623,-0.27496,-0.40905,-0.56798,-0.65857,-90.91964,1.01173,1.80806,1.55364,2.52101,-0.43296,-1.23312,-0.41649,-1.22625,0.04098,-0.58117,-1.84714,-1.32258,-186.78991,-2.56986,6.29142,2.55152,13.68906,-0.60949,-4.44006,1.26416,-8.21646,2.62269,0.11682,-6.64315,-4.01608
-44.28499,0.39630,0.28410,0.12205,-0.05803,-0.22150,-0.33808,-0.38796,-0.36539,-0.27927,-0.15046,-0.00676,0.12335,-89.90758,0.27617,1.73544,2.39740,1.49811,-0.30337,-1.68550,-1.93334,-1.39353,-0.83262,-0.59512,-0.47232,-0.21367,-175.00321,-3.19560,2.60764,10.69213,7.64505,-0.07070,-7.07863,-6.36031,-3.76603,-2.12888,-1.37261,-1.02718,-1.17240
-44.08921,0.55605,0.36324,0.14050,-0.02135,-0.07415,-0.03152,0.04919,0.10858,0.12317,0.11588,0.13366,0.20838,-87.74205,1.50840,1.01057,0.40304,-0.10073,-0.36980,-0.40112,-0.28957,-0.14823,-0.03292,0.08131,0.26055,0.54011,-168.37103,3.21603,1.83897,4.61676,-1.15238,-1.55378,-3.37103,-3.84478,0.15429,-2.17390,-1.26332,2.11793,2.09450
-38.08634,-0.50385,-0.38431,3.05086,-2.17136,0.53413,-0.86207,-2.33586,1.93395,-2.23358,-1.99155,1.53167,-0.43273,-76.66434,-1.45471,-1.09238,5.94996,-4.31535,1.24170,-1.46027,-4.36601,4.20271,-4.06902,-3.45816,3.76499,0.00149,-150.15109,-2.41275,-2.98224,10.74933,-11.25243,2.54656,-2.08855,-8.60510,9.48344,-8.21195,-6.25384,9.63767,1.86566
-36.75940,0.94982,-0.20850,1.50827,-1.77659,1.34699,-1.71935,-1.85433,2.16689,-1.35860,-0.42056,1.08624,0.58616,-67.32014,0.99949,-1.08541,5.94535,-5.66652,3.44960,-3.96269,-5.65656,6.63311,-4.67151,-2.68220,3.71092,0.61624,-121.39705,0.26809,-4.99865,15.44326,-17.14650,8.44428,-7.70015,-13.74580,18.86246,-12.57942,-8.22744,11.65915,1.44764
-38.79216,-0.50533,-0.38027,1.42043,-2.54212,0.64544,-1.81400,-1.78230,1.47768,-1.92468,-0.24499,1.85817,0.58236,-70.25452,-0.61690,-1.33228,4.20863,-6.83949,2.71202,-5.31583,-5.46813,5.01367,-5.33113,-1.02643,4.66893,1.54251,-120.08712,-1.74271,-4.76055,13.95958,-19.24476,9.24345,-14.19323,-16.30325,16.80867,-15.30084,-4.81637,12.78823,3.16115
-41.07102,-0.19984,-0.36214,1.06322,-1.41752,1.07841,0.72387,-0.71463,1.05119,-0.79882,-0.35234,1.70419,0.79127,-82.84786,-0.40117,-0.72023,0.49601,-3.20581,2.26814,0.49582,-0.87569,1.64612,-1.28874,1.04188,3.73487,2.59762,-159.28590,0.03547,-1.68036,-0.74930,-8.93575,6.00660,-2.86391,-2.85350,4.10321,-3.83958,4.51549,8.37369,6.73626
-43.18043,0.53701,-0.10717,0.07078,-0.49955,-0.78940,-0.76343,-0.12387,0.52174,-0.09191,0.08009,0.64313,-0.09569,-90.67247,-0.07564,-0.36797,-0.30348,-0.64003,-1.84736,0.91637,0.89197,-0.07221,0.37596,0.22839,1.90421,0.01373,-196.87267,-1.55193,-0.37076,-6.05631,1.18065,-4.87619,6.29125,6.56480,-5.13140,4.13468,4.18087,3.83238,2.00885
-43.15519,0.88713,0.18042,-0.35925,-0.89632,-0.46186,-0.34267,-0.50601,-0.23026,-0.31213,0.04923,0.58805,0.50683,-90.69864,2.81660,0.63394,-2.06816,0.24993,-2.35855,0.36524,0.64641,-1.41647,1.20850,0.42353,-0.03894,0.33562,-201.81524,6.17446,2.23219,-8.64843,6.69931,-9.27649,6.96268,7.65292,-7.91881,8.12410,2.10189,-2.84261,-0.85754
-43.54735,0.44315,-0.24629,-0.59631,-0.94827,-0.08198,0.57663,0.39461,0.42418,-0.18913,-0.55623,0.02414,0.07086,-89.17887,1.97326,0.04998,-2.61509,-1.37534,-1.70422,0.08672,0.99783,-0.43311,0.10842,-0.71089,-1.06786,-0.14271,-186.20851,7.16429,1.45414,-7.79436,0.70506,-8.03514,0.04287,3.51777,-3.92880,2.71409,-2.04013,-5.90954,-2.54744
-44.46269,-0.01895,-0.10794,0.03352,-0.00731,0.09155,-0.10363,-0.20457,0.14533,0.06014,-0.07306,0.00043,-0.03318,-89.29230,-0.13177,-0.35500,-0.60006,-0.46334,0.89052,1.13280,0.10933,0.19309,0.02307,-0.78243,-0.61813,0.10019,-177.09098,1.78535,-0.29204,-3.51172,-1.66199,1.92419,1.43595,0.32453,0.02528,-0.22140,-2.50414,-4.20834,0.04394
-44.58348,0.10840,0.03545,-0.04467,-0.09749,-0.10862,-0.08558,-0.04522,0.00000,0.04522,0.08558,0.10862,0.09749,-90.47447,-0.68928,-0.21746,0.30343,0.69403,0.33616,0.06788,0.21100,0.37559,0.46272,0.04887,-0.37037,-0.34502,-179.54259,-4.32694,-1.42386,2.07495,0.67478,3.92140,0.90332,-0.11509,2.36074,-0.26000,-1.10822,-1.31993,-0.92547
-44.72136,-0.00000,0.00000,-0.00000,0.00000,-0.00000,0.00000,0.00000,0.00000,-0.00000,0.00000,-0.00000,0.00000,-90.47885,-0.33475,0.28173,0.55164,0.85078,-0.02665,-0.66221,-0.43983,-0.42418,0.23435,0.64180,0.08448,0.02663,-182.25331,-3.33204,0.29602,4.02179,3.77092,1.98709,-1.34326,-1.66649,-0.03966,0.82300,2.04337,0.86646,-0.14904
-44.02485,0.53424,0.38293,0.04391,-0.25280,-0.44889,-0.60628,-0.47395,-0.37675,-0.04800,0.16473,0.37872,0.49184,-88.30837,1.08743,0.87379,0.05431,-0.49830,-0.98933,-1.10894,-0.74333,-0.89883,-0.15615,0.40252,0.75702,1.01686,-177.80329,1.97187,2.38432,1.26030,0.31753,-2.89583,-4.01288,-2.03581,-2.41493,-0.10100,2.22927,2.21665,1.96017
-44.65072,0.05874,0.02705,-0.01376,-0.04992,-0.06927,-0.06527,-0.03928,-0.00006,0.03918,0.06521,0.06926,0.04998,-88.74280,0.54332,0.40157,0.06107,-0.25516,-0.47880,-0.65124,-0.50729,-0.37687,-0.01486,0.20957,0.40862,0.49430,-175.31951,2.86334,1.89440,-0.12698,-1.70264,-2.28309,-2.47930,-1.96890,-2.02815,-0.64859,0.77279,1.94464,2.35050
-44.72136,-0.00000,0.00000,-0.00000,0.00000,-0.00000,0.00000,0.00000,0.00000,-0.00000,0.00000,-0.00000,0.00000,-89.37208,0.05874,0.02705,-0.01376,-0.04992,-0.06927,-0.06527,-0.03928,-0.00006,0.03918,0.06521,0.06926,0.04998,-177.00811,0.99554,0.17393,-0.51808,-1.20579,-0.59069,-0.11957,-0.14602,0.04720,-0.17085,-0.30181,0.46267,0.56762
-44.72136,-0.00000,0.00000,-0.00000,0.00000,-0.00000,0.00000,0.00000,0.00000,-0.00000,0.00000,-0.00000,0.00000,-90.13923,-0.53424,-0.38293,-0.04391,0.25280,0.44889,0.60628,0.47395,0.37675,0.04800,-0.16473,-0.37872,-0.49184,-181.34218,-2.09716,-1.61260,-0.15589,0.95398,1.81784,2.25623,1.65195,1.65228,0.29133,-0.66677,-1.44520,-1.95058
-44.72136,-0.00000,0.00000,-0.00000,0.00000,-0.00000,0.00000,0.00000,0.00000,-0.00000,0.00000,-0.00000,0.00000,-89.51336,-0.05874,-0.02705,0.01376,0.04992,0.06927,0.06527,0.03928,0.00006,-0.03918,-0.06521,-0.06926,-0.04998,-180.42314,-1.19503,-0.83859,-0.07746,0.60781,1.06622,1.38806,1.05979,0.75373,-0.01550,-0.50472,-0.92587,-1.08610
-44.72136,-0.00000,0.00000,-0.00000,0.00000,-0.00000,0.00000,0.00000,0.00000,-0.00000,0.00000,-0.00000,0.00000,-89.44272,-0.00000,0.00000,-0.00000,0.00000,-0.00000,0.00000,0.00000,0.00000,-0.00000,0.00000,-0.00000,0.00000,-179.02672,-0.11748,-0.05409,0.02752,0.09985,0.13853,0.13054,0.07856,0.00011,-0.07836,-0.13042,-0.13852,-0.09995
-44.72136,-0.00000,0.00000,-0.00000,0.00000,-0.00000,0.00000,0.00000,0.00000,-0.00000,0.00000,-0.00000,0.00000,-89.44272,-0.00000,0.00000,-0.00000,0.00000,-0.00000,0.00000,0.00000,0.00000,-0.00000,0.00000,-0.00000,0.00000,-178.18893,0.53424,0.38293,0.04391,-0.25280,-0.44889,-0.60628,-0.47395,-0.37675,-0.04800,0.16473,0.37872,0.49184
-44.72136,-0.00000,0.00000,-0.00000,0.00000,-0.00000,0.00000,0.00000,0.00000,-0.00000,0.00000,-0.00000,0.00000,-89.44272,-0.00000,0.00000,-0.00000,0.00000,-0.00000,0.00000,0.00000,0.00000,-0.00000,0.00000,-0.00000,0.00000,-178.81480,0.05874,0.02705,-0.01376,-0.04992,-0.06927,-0.06527,-0.03928,-0.00006,0.03918,0.06521,0.06926,0.04998
-23.46383,-3.06251,-6.23031,-0.61975,-2.34510,1.48195,-0.38345,0.38354,1.51434,-0.21853,0.26206,1.68209,-0.37461,-46.92766,-6.12501,-12.46062,-1.23949,-4.69020,2.96389,-0.76689,0.76708,3.02868,-0.43706,0.52413,3.36418,-0.74923,-93.85531,-12.25002,-24.92124,-2.47898,-9.38040,5.92779,-1.53378,1.53416,6.05737,-0.87412,1.04825,6.72836,-1.49846
-26.40090,-2.79214,-4.35842,0.24541,-3.24998,0.20212,-0.47043,0.85124,1.94374,-0.75044,-0.66575,-0.11370,-0.15386,-31.54427,-8.64679,-14.94714,-0.12892,-8.84507,1.88619,-1.32431,2.08602,5.40182,-1.71941,-1.06943,1.45469,-0.68234,-20.57348,-23.41860,-42.35491,-1.49734,-22.38033,6.73627,-3.41551,4.93912,13.83232,-3.87589,-1.61474,6.27357,-2.11391
-31.23449,-0.59905,-5.33859,1.17833,-2.86112,0.14680,-0.48397,-1.11158,2.15423,-0.16968,0.57808,0.19631,0.18689,-44.14851,-3.99024,-15.03559,2.60206,-8.97223,0.49572,-1.43837,-1.37192,6.25220,-1.08981,0.49040,0.27892,0.21992,-30.39858,-16.62727,-45.01833,5.07520,-26.78954,2.87763,-4.20105,-0.65782,17.90622,-3.89903,-0.08863,2.01254,-0.24251
-34.73606,0.17572,-4.97277,0.51932,-0.78442,-0.12875,-0.09534,-1.88007,0.96384,0.54288,0.02874,1.64417,0.37202,-77.24277,2.81491,-9.05381,2.83670,-2.08486,-1.59265,-0.29120,-5.25525,2.56758,1.13461,0.37349,1.80256,1.30555,-151.70640,7.76458,-20.68260,9.51496,-8.45177,-5.65347,-1.25388,-12.64950,8.35867,1.61647,0.71325,0.51986,3.58025
-40.13030,1.14484,-1.18928,-1.18763,-2.10033,0.29624,0.49391,-0.74186,0.65335,-0.43879,-0.23508,1.44961,0.03195,-88.59576,5.25755,-2.99291,-2.10136,-1.73510,0.26161,1.36290,-4.21502,0.32681,0.41574,0.22432,4.65709,0.58979,-222.89002,21.97680,-0.09249,-1.23708,3.29001,-2.95561,3.75891,-15.77132,-2.18062,3.68550,1.89157,9.66204,3.16747
-41.38500,1.36807,-1.45095,-2.72078,-1.58494,1.43036,2.16577,0.85544,-0.75652,-1.65409,-0.33061,0.74995,0.64994,-91.66582,4.48002,1.24741,-7.80751,-2.40909,3.01016,5.30942,2.08060,-3.01393,-3.57729,-1.47437,2.75319,1.14494,-227.77889,18.20784,14.53751,-20.31844,2.41895,5.78621,13.42011,1.31810,-11.95324,-5.64904,-3.21483,9.88454,2.65976
-43.02249,-0.90644,-0.32381,1.21680,-1.07541,0.02819,0.46025,-0.50248,-0.01100,0.23537,0.19820,-0.36682,0.34251,-92.69393,-0.62053,2.87420,-0.80649,-2.95135,1.61548,3.18162,1.73055,-1.74237,-1.72624,0.03705,-1.62787,0.96293,-199.81090,0.42406,16.04963,-12.25718,-6.22692,7.83377,11.96386,10.79696,-9.06625,-8.16437,-1.77376,-2.30511,1.76525
-44.32696,0.36955,0.29880,0.19295,0.06797,-0.05757,-0.16557,-0.24130,-0.27568,-0.26660,-0.21908,-0.14411,-0.05666,-91.54611,-1.31218,1.46308,2.79033,1.16086,-0.38319,-0.36479,-0.24322,-1.21570,0.14095,-0.00488,-2.10465,0.19724,-187.19039,-8.50244,8.79326,6.87553,1.10548,0.58749,1.08913,5.45915,-4.50059,-1.86007,-0.19703,-10.49427,0.76761
-44.72136,-0.00000,0.00000,-0.00000,0.00000,-0.00000,0.00000,0.00000,0.00000,-0.00000,0.00000,-0.00000,0.00000,-92.38468,-0.99852,1.74975,2.91372,1.65292,-1.48793,-2.33134,-1.09674,0.48085,1.38749,0.11153,-0.89406,-0.70660,-184.64964,-7.78924,3.71517,16.42529,6.87579,-6.36921,-10.33690,-4.51730,2.75992,6.49322,1.69256,-6.64596,-2.36091
-29.86335,6.88555,6.26814,4.01151,-1.45869,1.20610,-1.03668,-0.78129,0.93635,-2.15424,-1.69945,0.94807,0.61475,-61.42557,14.67754,12.86008,6.80622,-1.84197,2.38401,-2.53362,-1.06011,1.88371,-4.54385,-3.59709,2.26297,0.88699,-122.54189,28.97709,24.59572,17.33266,0.92032,1.66461,-10.58021,-4.94751,5.99063,-5.97398,-7.11971,5.25975,0.10444
-43.27523,-0.41307,0.85824,0.00375,-0.18705,0.24989,-0.55280,0.12724,-0.20322,0.11174,-0.01480,0.46004,-0.34847,-72.08685,5.68987,7.68581,3.82607,-1.90076,1.76345,-1.97672,-0.28551,0.80559,-1.66416,-1.50998,2.01226,-0.02553,-114.05317,27.36946,26.76863,11.66804,-6.80436,6.29409,-6.12227,-1.38792,4.71059,-8.01313,-6.61217,8.39215,0.63869
-41.52033,-1.89614,0.79368,-0.00440,-0.62800,0.89678,-1.32884,0.00372,0.23452,0.23460,-0.28958,0.44973,-0.02077,-81.59454,-4.20534,2.44560,-0.00504,-1.44304,2.04345,-3.21049,0.13467,0.26582,0.58093,-0.59396,1.35949,-0.39001,-142.89125,-1.72230,10.82726,0.90227,-6.43977,7.33827,-6.06635,1.08058,0.85639,-1.88979,-2.80942,5.62531,-0.09896
-43.50667,-1.01071,0.91281,-0.61980,0.26197,-0.09634,-0.24569,0.27018,-0.37749,0.39422,-0.31611,0.40878,-0.34530,-98.67033,-10.80310,-3.64884,-5.25551,1.35464,-0.50200,-0.78353,1.32537,-1.45682,3.17727,0.77766,0.31921,-1.32611,-217.50961,-40.48909,-17.71217,-17.32228,3.10821,-1.34456,-2.24393,3.84552,-4.53152,11.47933,4.55845,-0.26505,-3.92923
-43.77303,-0.78034,0.36756,0.09277,-0.40277,0.43781,-0.23188,-0.04954,0.23555,-0.21775,-0.00076,0.28926,-0.49560,-87.77750,-2.15832,0.78969,-0.43800,-0.35651,0.52939,-0.15665,0.04387,0.29683,-0.15301,-0.30281,0.52725,-0.98804,-202.13846,-20.80962,-9.75527,-9.95759,2.54239,-1.20665,0.87988,1.69862,-1.66875,4.53542,1.68201,-0.63855,-3.27666
-43.03365,-0.98815,0.31719,-0.33511,-0.11535,0.54941,-0.36100,0.00272,0.23172,0.11264,-0.52184,0.28528,-0.53100,-88.32000,-0.86051,0.20826,-0.57306,-0.00546,0.63986,0.37496,-0.04781,0.46447,-0.22706,-0.75485,0.41008,-1.53684,-182.82296,0.32600,-1.23940,-1.57908,1.07561,-0.23433,3.80376,-0.18643,0.95995,-1.18807,-1.21856,-0.01208,-3.67170
-42.74639,-0.53577,-0.50600,-0.68687,0.76732,0.80266,-1.03916,-0.40908,0.36450,0.96277,-0.33560,-0.80146,-0.17823,-85.01976,-1.04898,-1.60763,-1.08906,1.15732,2.25107,-2.19363,-1.08562,1.33820,1.64396,-0.87693,-1.72642,-0.54217,-159.68920,7.84463,0.64184,2.50432,0.95453,5.64400,-3.22877,-3.54443,4.59770,-0.11642,-3.28637,-3.36198,-1.29505
-43.85857,-0.36562,-0.06206,-0.37013,0.43444,0.26043,-0.33816,-0.24267,0.10719,0.44560,-0.18555,-0.23172,-0.23544,-86.69050,-0.48666,-0.99768,-1.51992,2.03895,0.88571,-1.48360,-0.84488,0.34333,2.07171,-0.70595,-1.55415,-0.15350,-170.62327,0.13602,-4.39268,-3.69089,5.59173,3.49309,-5.00419,-2.81926,1.72803,5.94039,-1.98601,-5.36199,0.13887
-44.55088,0.02882,-0.16028,-0.08272,0.13107,0.12595,-0.08686,-0.15309,0.03365,0.16100,0.02142,-0.14925,-0.07110,-89.92668,0.68017,-0.69980,-0.20046,0.81193,-0.03708,-0.15089,-0.55157,-0.05722,0.65496,0.37912,-0.81548,0.15336,-178.22386,1.73419,-2.60553,-1.34777,3.66828,0.17168,-2.16034,-1.90021,-0.23558,3.60869,0.80715,-3.59520,1.69005
-44.72136,-0.00000,0.00000,-0.00000,0.00000,-0.00000,0.00000,0.00000,0.00000,-0.00000,0.00000,-0.00000,0.00000,-91.24721,0.56459,0.34573,0.60416,-0.63624,-0.67671,0.95230,0.25599,-0.33084,-0.80177,0.35702,0.65222,0.10713,-187.40134,2.85832,1.59929,2.09692,-1.61788,-3.64157,3.94734,1.04604,-2.05711,-2.59254,1.97010,2.21537,0.90977
-44.72136,-0.00000,0.00000,-0.00000,0.00000,-0.00000,0.00000,0.00000,0.00000,-0.00000,0.00000,-0.00000,0.00000,-90.30551,0.36562,0.06206,0.37013,-0.43444,-0.26043,0.33816,0.24267,-0.10719,-0.44560,0.18555,0.23172,0.23544,-185.16774,1.78248,1.46753,2.86434,-3.54407,-2.08328,3.11222,1.58621,-0.88856,-3.76467,1.43407,2.66981,0.73150
-44.72136,-0.00000,0.00000,-0.00000,0.00000,-0.00000,0.00000,0.00000,0.00000,-0.00000,0.00000,-0.00000,0.00000,-89.61320,-0.02882,0.16028,0.08272,-0.13107,-0.12595,0.08686,0.15309,-0.03365,-0.16100,-0.02142,0.14925,0.07110,-179.60522,-0.37219,1.08241,0.73603,-1.50851,-0.47525,0.66278,1.10042,-0.11728,-1.42256,-0.23641,1.34569,0.22429
-44.41100,0.29033,0.23343,0.14877,0.04983,-0.04774,-0.12871,-0.18074,-0.19632,-0.17395,-0.11820,-0.03890,0.05065,-88.82199,0.58065,0.46685,0.29753,0.09966,-0.09548,-0.25742,-0.36148,-0.39264,-0.34789,-0.23640,-0.07780,0.10130,-176.00997,0.56790,0.74825,0.07363,0.70449,0.35980,-1.38028,-0.82586,-0.48810,-0.05501,-0.85124,-0.65858,0.16658
-38.73990,0.25379,0.69144,2.15529,-1.26472,-1.22793,-0.98741,0.70944,-1.93888,0.12458,1.04793,-1.46328,0.77059,-77.16945,0.79790,1.61630,4.45936,-2.47962,-2.50359,-2.10352,1.23813,-4.07409,0.07521,1.97765,-2.96546,1.59183,-152.85538,1.81083,3.63740,8.84611,-4.42513,-4.84223,-4.80263,1.87212,-8.43362,0.24814,3.53336,-6.24044,3.04953
-43.54182,-0.24846,-0.26388,0.72553,-0.19335,-0.66566,0.18657,0.11719,-0.96994,0.33265,0.35530,-0.60319,0.42906,-81.10219,-0.24314,0.16367,3.60635,-1.65142,-2.55924,-0.61426,0.94381,-3.87877,0.78988,1.75853,-2.66966,1.62871,-149.76063,0.34044,1.78338,11.58934,-5.65138,-7.49612,-3.41890,2.97266,-11.79797,1.81598,5.51613,-8.45402,4.77816
-44.25686,0.41124,0.26396,0.05713,-0.16104,-0.34000,-0.43890,-0.43606,-0.33387,-0.15791,0.04955,0.23981,0.36938,-87.64455,0.28370,0.03062,0.69102,-0.56525,-1.29792,-0.56251,-0.57419,-1.44137,0.19078,0.57261,-0.08466,1.11718,-167.56929,-0.25638,-0.24194,4.69085,-2.88159,-5.05960,-1.48186,0.15691,-6.36886,1.51933,3.14015,-2.76118,3.76177
-44.72136,-0.00000,0.00000,-0.00000,0.00000,-0.00000,0.00000,0.00000,0.00000,-0.00000,0.00000,-0.00000,0.00000,-94.95968,0.15746,-0.42747,-2.09817,1.10369,0.88792,0.54851,-1.14549,1.60501,-0.28249,-0.99837,1.70309,-0.40121,-200.39445,-0.19928,-2.44063,-7.96468,4.12174,2.98152,2.63803,-4.10331,5.84273,-0.44941,-3.40179,6.28698,-1.27707
-44.72136,-0.00000,0.00000,-0.00000,0.00000,-0.00000,0.00000,0.00000,0.00000,-0.00000,0.00000,-0.00000,0.00000,-90.62226,0.24846,0.26388,-0.72553,0.19335,0.66566,-0.18657,-0.11719,0.96994,-0.33265,-0.35530,0.60319,-0.42906,-195.10200,0.89752,-0.06339,-7.15558,3.14181,4.77847,0.78961,-2.32367,7.42366,-1.73768,-3.46750,5.57912,-2.88804
-44.72136,-0.00000,0.00000,-0.00000,0.00000,-0.00000,0.00000,0.00000,0.00000,-0.00000,0.00000,-0.00000,0.00000,-89.90722,-0.41124,-0.26396,-0.05713,0.16104,0.34000,0.43890,0.43606,0.33387,0.15791,-0.04955,-0.23981,-0.36938,-182.79214,-0.85773,-0.29467,-1.53080,1.08067,2.64358,1.25374,1.32912,3.07906,-0.20761,-1.02702,0.20823,-2.28501
-44.72136,-0.00000,0.00000,-0.00000,0.00000,-0.00000,0.00000,0.00000,0.00000,-0.00000,0.00000,-0.00000,0.00000,-89.44272,-0.00000,0.00000,-0.00000,0.00000,-0.00000,0.00000,0.00000,0.00000,-0.00000,0.00000,-0.00000,0.00000,-173.83298,-0.56870,0.16351,2.04104,-0.94265,-0.54792,-0.10961,1.58155,-1.27113,0.44040,0.94882,-1.94290,0.03182
-30.05827,-5.08387,0.99620,2.95140,-3.27073,-2.77696,-1.01954,0.27616,-0.49166,0.97444,-0.42107,2.01846,-1.05657,-60.11654,-10.16774,1.99241,5.90279,-6.54145,-5.55392,-2.03909,0.55233,-0.98333,1.94887,-0.84214,4.03692,-2.11315,-119.05355,-20.58395,3.72094,12.53111,-13.27625,-11.77350,-3.89160,1.22184,-2.93660,4.23040,-1.32899,7.47065,-3.79723
-28.55032,-2.52251,2.08573,4.49433,-2.20976,-2.89996,-2.02027,-0.98057,-1.95995,0.36816,-1.81034,2.24387,-0.28866,-42.43755,-10.12889,5.16766,11.94007,-7.69025,-8.57688,-5.06009,-1.68499,-4.41157,1.71075,-4.04176,6.50621,-1.63389,-55.08443,-30.01428,12.59170,29.84005,-22.08300,-23.04769,-12.59816,-3.25370,-10.14034,5.21246,-8.87610,17.28915,-5.01155
-14.93943,-8.88772,10.47657,0.91282,-4.03956,1.74787,0.00077,-1.00171,0.98469,1.32929,-0.65863,-0.01172,1.16624,-13.70782,-20.29795,23.03887,6.31997,-10.28888,0.59577,-2.01873,-2.98400,0.00942,3.02673,-3.12760,2.22044,2.04381,19.58954,-50.72480,51.24541,24.58000,-28.26801,-7.38533,-9.09755,-7.65298,-4.39273,7.76422,-10.29695,10.94708,2.45373
-26.35971,0.84782,0.27352,3.86600,-7.71637,0.29674,0.41541,-2.06374,2.14393,-1.47792,-0.41782,1.38495,-0.31554,-37.60057,-2.10821,10.02741,5.69342,-16.20156,5.11830,1.85114,-5.40535,5.76420,-2.60098,-1.07320,0.73972,1.59173,-28.79241,-14.34663,41.10128,11.80402,-36.15056,16.38631,3.72263,-14.34701,12.52116,-4.12410,-4.43185,-0.33704,7.34041
-27.19461,-5.53573,2.46450,2.11000,-5.92427,0.18435,1.02791,-0.87276,-0.59103,0.69557,-1.53767,0.00714,1.33148,-52.19861,-7.70113,3.11678,3.59167,-17.35513,3.56540,4.49150,-2.82868,2.92181,-0.45494,-1.68281,-0.84465,2.63608,-99.56024,-7.38157,11.09331,0.93669,-43.22158,20.82599,15.89423,-9.37773,16.01940,-5.22160,-0.39707,-7.45579,8.49777
-32.68303,-2.88299,-2.72950,1.15884,-1.31145,1.28073,-2.18708,-0.55850,2.39040,0.20683,-2.84757,0.17498,1.44326,-77.62125,-2.41400,-13.47107,3.51486,-4.50762,0.99794,-3.34702,-0.98804,3.20508,-0.22005,-6.57419,0.36881,3.05176,-193.73330,7.76883,-46.86423,4.30142,-16.08149,4.96550,-0.18381,-1.82077,9.32256,-3.92177,-11.70359,-2.32747,6.69578
-38.05556,1.49508,-3.10922,-2.34065,-0.89098,2.04043,0.51323,-1.83434,0.79390,0.41078,-0.93582,0.14800,0.17593,-82.43445,-0.74066,-9.22146,-7.38847,4.62295,5.06484,-1.57603,-2.16344,1.83427,2.50632,-4.30140,-0.91398,2.11067,-204.88959,-1.78710,-41.94139,-16.95550,20.93985,6.00932,-8.35022,0.09043,1.10942,7.39356,-14.10378,-2.19887,5.68137
-41.02791,1.22678,0.26282,1.08443,0.17779,-0.94357,-1.41705,-0.78583,0.07291,-0.43244,-0.53634,0.52507,0.48765,-92.91677,9.48437,-5.04808,-2.28180,5.38887,-0.03107,-3.34877,-2.53323,1.53075,-1.14966,-0.47083,1.19100,-0.18025,-216.06939,25.92921,-22.43440,-15.54374,32.75582,1.43730,-12.76507,-4.40120,1.97396,0.66193,-3.56025,2.31267,-0.88590
-43.47085,0.34052,-0.72913,-0.21661,0.43201,-0.30957,-0.93894,-0.01349,0.88367,0.23415,-0.51929,0.06370,0.67265,-95.28659,4.79082,1.53406,-0.50763,2.35327,-2.84344,-1.10785,-0.25431,-0.55014,-0.17097,1.27265,0.47751,0.38969,-205.86869,21.48001,11.49112,-6.81191,14.60303,-6.71588,-2.21746,-2.05381,-2.77462,-1.27156,8.64865,1.77720,-2.45263
-44.11072,0.12948,-0.48958,-0.21208,0.41903,0.26591,-0.41445,-0.44766,0.21256,0.44524,-0.08707,-0.41484,0.02590,-93.63674,-0.89560,1.40093,1.69988,2.16106,-1.81817,-2.28107,0.92553,0.51490,0.71385,0.24240,-0.91397,0.54851,-200.12561,3.74027,13.55738,10.28061,2.05244,-11.54462,-4.09396,3.76018,-1.35463,-1.24959,6.05884,-0.43646,-0.62396
-42.83592,1.70742,1.24161,0.66382,0.18348,-0.04244,0.02980,0.32061,0.66968,0.90981,0.93786,0.75217,0.44249,-88.75464,2.31754,1.73083,0.03113,0.60820,1.12462,1.06220,0.97938,1.47901,2.69729,2.32500,0.56442,0.42323,-178.22925,-5.74488,9.91066,4.04393,-2.01140,0.46213,3.19210,5.41753,1.94218,7.25810,5.36323,-0.97613,1.57521
-41.20730,2.49012,2.64762,1.15567,1.21170,0.15721,0.77944,0.37039,1.12718,0.78716,1.12180,0.52805,0.53386,-81.77966,6.34715,7.26598,3.19176,2.17486,0.58155,2.52761,1.07488,2.04036,2.24998,3.70076,1.74457,0.83756,-157.02737,10.22102,14.72872,6.92227,2.60465,5.13115,7.22528,3.38346,6.10987,7.36823,8.45387,3.57606,1.70866
-39.00006,4.57378,3.00158,2.59172,1.70354,-0.04654,-0.50446,0.35198,0.58843,0.50117,1.26752,1.85710,1.38177,-75.09670,11.50821,9.14036,6.55119,4.19975,-0.20179,0.18496,1.52201,2.09147,1.34425,3.74390,4.65709,3.27150,-138.33631,30.25918,24.14577,14.59427,8.41330,1.99614,5.17859,3.19337,5.70840,4.22464,10.94617,11.97273,6.83206
-32.85145,1.36241,-0.83857,3.75034,-1.26532,-0.59429,-1.44478,-2.15094,1.98789,-3.19959,-3.15342,0.62381,-0.44697,-61.86705,5.59118,0.08283,9.42857,-1.01057,-1.19268,-3.42383,-4.27052,3.89453,-6.80782,-5.97718,2.35255,0.04533,-110.07615,20.37303,7.57520,25.37721,1.57040,-3.71176,-7.72489,-7.99841,8.40152,-14.96869,-10.53546,8.79777,2.93894
-29.18462,-1.06494,-2.97841,3.35297,-1.80845,0.11538,-2.18884,-1.33184,2.71939,-2.54317,-1.29250,0.79939,1.69758,-50.01339,-3.25759,-9.44300,9.30060,-6.09391,-0.52072,-6.60189,-5.18501,6.29950,-9.07309,-6.86021,1.69453,2.41432,-80.11417,-7.27115,-26.06914,24.83801,-15.37325,-2.81567,-19.15522,-15.71541,14.45318,-27.20399,-23.39837,3.99704,4.03640
-31.65114,1.15745,-3.51806,2.68048,-0.33088,-0.08469,-1.94961,-1.72021,1.69264,-1.92200,-0.86525,1.17582,0.47686,-53.48684,-3.32383,-13.01610,6.12220,-4.17375,-0.00745,-5.58360,-5.12423,5.51626,-6.88834,-4.29052,1.29393,1.26953,-81.89038,-21.41346,-44.61556,14.99380,-18.64115,-0.33383,-17.95404,-16.95548,15.24055,-24.19403,-19.18516,-0.37471,1.68188
-38.96358,0.21398,-1.22009,1.56195,-0.56554,-0.00345,-2.13329,-2.01424,2.34287,0.04528,-0.26805,1.92598,1.03151,-76.72686,0.22299,-5.11967,2.05405,-0.19664,0.50270,-4.77141,-3.59774,4.39050,1.36814,1.75206,4.40398,2.98685,-145.07351,-8.46904,-23.33828,0.80172,-3.55646,2.19064,-11.70259,-8.04920,10.40272,2.65575,5.19078,7.74933,7.19789
-43.51096,0.68345,0.25399,0.06846,-0.39177,-0.59437,-0.76324,-0.45210,-0.12660,-0.41495,-0.06684,0.34957,0.31166,-96.80088,2.64581,2.26629,-1.65409,0.45936,-1.30757,-1.47092,-1.58661,-0.62971,1.75855,0.89076,1.82574,-0.04275,-220.31522,8.77220,8.85591,-10.55473,6.81598,-1.59172,-1.11137,-1.58595,-3.16842,13.95833,10.39379,6.36093,0.48703
-44.72136,-0.00000,0.00000,-0.00000,0.00000,-0.00000,0.00000,0.00000,0.00000,-0.00000,0.00000,-0.00000,0.00000,-101.30253,-0.47400,3.77205,-2.61202,-0.06089,-0.50968,1.18638,1.26811,-1.81924,1.50706,0.79841,-0.82625,-0.16520,-245.91910,5.02163,22.82649,-13.00032,4.51132,-2.31949,6.48543,6.07383,-9.78445,11.66101,6.77810,-1.12067,-1.64268
-41.53012,-0.45058,-0.99659,1.80897,0.26101,0.23010,-0.21639,-0.38510,1.78915,-0.18548,-1.15852,1.53272,0.87893,-88.81802,-1.11514,-0.77308,2.05598,1.08756,0.46364,1.70051,1.24403,1.23543,-0.41623,-2.04898,1.13946,0.72634,-202.21171,-2.92727,7.34556,-0.55410,2.31086,-0.08510,9.35880,7.35390,-3.73888,-0.69353,-5.05161,-2.95130,-1.69936
-41.28472,-1.31950,-0.94472,2.03501,-1.12200,0.00549,0.15498,-0.92026,0.82686,-0.12665,-0.54934,0.29427,0.53982,-80.58861,-3.77303,-3.14002,5.81052,-1.59123,0.83544,0.85680,-1.77352,3.56946,-0.02382,-2.19035,1.77169,1.64690,-153.19436,-11.30702,-9.31942,15.33112,-2.55426,3.44210,4.88503,-0.71640,9.00407,-2.22243,-7.32043,2.85709,4.06290
-39.07930,-1.72201,-1.89801,2.86659,-0.83914,-0.81614,-0.16699,-0.83280,0.89369,-0.55783,-0.79204,1.61454,0.54821,-74.72197,-4.76353,-4.74074,7.76819,-2.80027,-1.62680,-0.17900,-2.58585,2.61423,-1.24230,-2.13341,3.52335,1.63623,-128.73001,-12.82610,-16.39356,23.95892,-7.13088,-1.90848,-0.68757,-8.21333,10.61716,-4.01549,-7.25557,9.64463,5.08457
-36.34467,-0.03932,-2.14567,1.23117,-2.69389,-0.70796,-0.68044,-0.44769,1.94166,-1.13112,-1.47045,-0.03019,0.99279,-70.23853,-1.35008,-5.19275,3.51996,-6.48792,-2.46216,-1.31147,-1.34306,2.98784,-2.63459,-2.57442,0.02145,1.65485,-126.38101,-6.34855,-14.35317,12.75212,-16.86367,-7.01477,-4.50245,-6.51601,7.35449,-6.09526,-5.23327,2.42678,4.21960
-36.68602,0.67777,-2.35484,1.61389,-0.95672,-1.54426,-1.64266,-1.45734,0.87370,-0.69363,-1.30887,1.09625,2.43276,-68.43200,2.63573,-5.91063,2.42395,-3.48532,-3.80197,-4.12074,-2.44210,2.86220,-2.39173,-3.53885,1.86804,5.31848,-126.51392,7.69441,-13.87398,2.55732,-11.86733,-10.90155,-10.40975,-4.45375,5.14278,-7.39423,-7.46178,1.98584,10.64492
-38.04182,0.13451,-1.87084,1.02985,-2.24242,-0.52476,-0.23064,-2.03608,0.92998,0.51924,-0.38674,1.15680,1.31811,-73.69035,2.66881,-4.19850,0.80701,-4.60243,-1.77763,-1.93696,-4.69671,1.83997,0.90269,-1.29032,1.79530,4.52077,-141.09074,12.73688,-9.56689,-3.73022,-9.88990,-5.73043,-7.81567,-9.24967,3.92791,0.65595,-3.98608,1.93530,12.72379
-41.89906,0.00982,-0.72964,0.27443,-1.51627,-0.39200,0.12117,0.00916,1.62972,-0.16145,-0.88681,0.59979,-0.29172,-85.49526,0.19347,-1.18445,0.34755,-2.58107,-0.60079,0.69214,-1.57007,2.24777,1.32747,-0.68990,2.38656,-0.25811,-174.44235,4.40583,-1.37465,-2.01785,-3.27665,-0.51704,0.75879,-6.49379,3.34767,6.19222,-0.09571,6.54698,2.34970
-44.53169,-0.03598,0.02542,0.04688,-0.18076,0.03452,-0.07255,-0.06213,0.15569,-0.04509,0.10937,0.07533,-0.11906,-94.27642,-0.73992,1.67604,-1.24570,-0.92107,1.22130,1.61873,1.34224,1.06741,0.44200,0.64081,-0.34579,-2.96260,-205.61610,-3.92210,8.07825,-4.56780,-0.93790,5.64379,8.05034,3.55651,1.52039,4.60320,4.13056,-0.17306,-11.50180
-44.72136,-0.00000,0.00000,-0.00000,0.00000,-0.00000,0.00000,0.00000,0.00000,-0.00000,0.00000,-0.00000,0.00000,-95.93259,-0.17049,1.89625,-0.98297,2.06166,0.55927,0.15809,1.97395,-0.77429,-0.56434,0.49611,-1.08147,-1.43717,-212.45125,-3.74972,9.66704,-4.01866,7.80468,4.11747,3.87186,9.98685,-2.32113,-1.58937,2.92335,-4.30402,-10.35772
-44.62497,0.09631,0.09609,0.09572,0.09520,0.09453,0.09372,0.09277,0.09167,0.09043,0.08905,0.08753,0.08588,-92.07225,0.18281,0.92182,-0.08299,1.70667,0.58106,0.06627,0.17637,-1.44639,0.34230,1.06490,-0.42472,0.46348,-194.58183,0.00166,4.92434,-1.49651,8.05607,2.32219,-0.40151,3.89677,-5.91483,-1.20720,3.31582,-4.31747,-0.25211
-44.72136,-0.00000,0.00000,-0.00000,0.00000,-0.00000,0.00000,0.00000,0.00000,-0.00000,0.00000,-0.00000,0.00000,-89.53600,0.13229,0.07067,0.04884,0.27596,0.06002,0.16628,0.15490,-0.06402,0.13552,-0.02032,0.01220,0.20494,-176.86783,1.18731,-0.61287,1.26038,3.17966,-0.52020,-1.21990,-0.85607,-2.64184,0.17135,0.38345,-0.05453,3.83597
-44.72136,-0.00000,0.00000,-0.00000,0.00000,-0.00000,0.00000,0.00000,0.00000,-0.00000,0.00000,-0.00000,0.00000,-89.44272,-0.00000,0.00000,-0.00000,0.00000,-0.00000,0.00000,0.00000,0.00000,-0.00000,0.00000,-0.00000,0.00000,-172.48885,0.30278,-1.82558,1.03181,-1.78570,-0.49925,0.00819,-1.81905,0.71026,0.69986,-0.51643,1.09366,1.64212
-44.72136,-0.00000,0.00000,-0.00000,0.00000,-0.00000,0.00000,0.00000,0.00000,-0.00000,0.00000,-0.00000,0.00000,-89.53911,-0.09631,-0.09609,-0.09572,-0.09520,-0.09453,-0.09372,-0.09277,-0.09167,-0.09043,-0.08905,-0.08753,-0.08588,-176.44868,-0.37543,-1.11400,-0.10844,-1.89707,-0.77013,-0.25372,-0.36191,1.26305,-0.52316,-1.24300,0.24966,-0.63524
-44.72136,-0.00000,0.00000,-0.00000,0.00000,-0.00000,0.00000,0.00000,0.00000,-0.00000,0.00000,-0.00000,0.00000,-89.44272,-0.00000,0.00000,-0.00000,0.00000,-0.00000,0.00000,0.00000,0.00000,-0.00000,0.00000,-0.00000,0.00000,-178.88854,-0.22860,-0.16676,-0.14455,-0.37116,-0.15455,-0.26000,-0.24767,-0.02765,-0.22595,-0.06873,-0.09973,-0.29082
-44.72136,-0.00000,0.00000,-0.00000,0.00000,-0.00000,0.00000,0.00000,0.00000,-0.00000,0.00000,-0.00000,0.00000,-89.44272,-0.00000,0.00000,-0.00000,0.00000,-0.00000,0.00000,0.00000,0.00000,-0.00000,0.00000,-0.00000,0.00000,-178.88544,-0.00000,0.00000,-0.00000,0.00000,-0.00000,0.00000,0.00000,0.00000,-0.00000,0.00000,-0.00000,0.00000
-44.72136,-0.00000,0.00000,-0.00000,0.00000,-0.00000,0.00000,0.00000,0.00000,-0.00000,0.00000,-0.00000,0.00000,-89.44272,-0.00000,0.00000,-0.00000,0.00000,-0.00000,0.00000,0.00000,0.00000,-0.00000,0.00000,-0.00000,0.00000,-178.78905,0.09631,0.09609,0.09572,0.09520,0.09453,0.09372,0.09277,0.09167,0.09043,0.08905,0.08753,0.08588
-44.72136,-0.00000,0.00000,-0.00000,0.00000,-0.00000,0.00000,0.00000,0.00000,-0.00000,0.00000,-0.00000,0.00000,-89.44272,-0.00000,0.00000,-0.00000,0.00000,-0.00000,0.00000,0.00000,0.00000,-0.00000,0.00000,-0.00000,0.00000,-178.88544,-0.00000,0.00000,-0.00000,0.00000,-0.00000,0.00000,0.00000,0.00000,-0.00000,0.00000,-0.00000,0.00000
-44.72136,-0.00000,0.00000,-0.00000,0.00000,-0.00000,0.00000,0.00000,0.00000,-0.00000,0.00000,-0.00000,0.00000,-89.44272,-0.00000,0.00000,-0.00000,0.00000,-0.00000,0.00000,0.00000,0.00000,-0.00000,0.00000,-0.00000,0.00000,-178.88544,-0.00000,0.00000,-0.00000,0.00000,-0.00000,0.00000,0.00000,0.00000,-0.00000,0.00000,-0.00000,0.00000
-44.56120,0.14741,0.11173,0.06011,0.00248,-0.05063,-0.09031,-0.11116,-0.11211,-0.09634,-0.07004,-0.04064,-0.01486,-89.12241,0.29483,0.22345,0.12023,0.00496,-0.10125,-0.18063,-0.22231,-0.22422,-0.19268,-0.14008,-0.08129,-0.02971,-178.24482,0.58966,0.44691,0.24046,0.00992,-0.20251,-0.36126,-0.44462,-0.44844,-0.38536,-0.28017,-0.16257,-0.05942
-44.52292,0.17314,0.10368,0.00779,-0.09009,-0.16500,-0.19783,-0.18021,-0.11664,-0.02332,0.07594,0.15584,0.19600,-88.88569,0.49369,0.31909,0.07570,-0.17770,-0.38062,-0.48597,-0.47158,-0.34539,-0.14299,0.08184,0.27103,0.37714,-177.45106,1.28221,0.86164,0.27162,-0.35044,-0.86249,-1.15256,-1.16547,-0.91500,-0.47866,0.02359,0.46078,0.72456
-44.72136,-0.00000,0.00000,-0.00000,0.00000,-0.00000,0.00000,0.00000,0.00000,-0.00000,0.00000,-0.00000,0.00000,-89.24428,0.17314,0.10368,0.00779,-0.09009,-0.16500,-0.19783,-0.18021,-0.11664,-0.02332,0.07594,0.15584,0.19600,-177.93153,0.83996,0.52646,0.09128,-0.35788,-0.71061,-0.88162,-0.83200,-0.57867,-0.18964,0.23372,0.58271,0.76913
-44.72136,-0.00000,0.00000,-0.00000,0.00000,-0.00000,0.00000,0.00000,0.00000,-0.00000,0.00000,-0.00000,0.00000,-89.60287,-0.14741,-0.11173,-0.06011,-0.00248,0.05063,0.09031,0.11116,0.11211,0.09634,0.07004,0.04064,0.01486,-179.32762,-0.41652,-0.34322,-0.23267,-0.10001,0.03751,0.16343,0.26441,0.33180,0.36204,0.35610,0.31841,0.25542
-44.72136,-0.00000,0.00000,-0.00000,0.00000,-0.00000,0.00000,0.00000,0.00000,-0.00000,0.00000,-0.00000,0.00000,-89.64116,-0.17314,-0.10368,-0.00779,0.09009,0.16500,0.19783,0.18021,0.11664,0.02332,-0.07594,-0.15584,-0.19600,-179.99951,-0.98738,-0.63819,-0.15139,0.35540,0.76124,0.97194,0.94316,0.69078,0.28598,-0.16367,-0.54206,-0.75427
